1	recordings/0013 2 Little Tinamou 2 Song ().mp3	1	song ()
2	recordings/0013 8 Little Tinamou 8 Call.mp3	1	call
3	recordings/0013 5 Little Tinamou 5 Call.mp3	1	call
4	recordings/0013 6 Little Tinamou 6 Call.mp3	1	call
5	recordings/0013 7 Little Tinamou 7 Call.mp3	1	call
6	recordings/0013 4 Little Tinamou 4 Call.mp3	1	call
7	recordings/0013 1 Little Tinamou 1 Song.mp3	1	song
8	recordings/0013 3 Little Tinamou 3 Call.mp3	1	call
9	recordings/0106 1 Crested Guan 1 Calls and display.mp3	2	calls and display
10	recordings/0106 2 Crested Guan 2 Call.mp3	2	call
11	recordings/0106 3 Crested Guan 3 Call QQ.mp3	2	call qq
12	recordings/0097 2 Sickle-winged Guan 2 Call.mp3	3	call
13	recordings/0097 1 Sickle-winged Guan 1 Soft calls.mp3	3	soft calls
14	recordings/0142 4 Crested Bobwhite 4 Call.mp3	4	call
15	recordings/0142 2 Crested Bobwhite 2 Song.mp3	4	song
16	recordings/0142 3 Crested Bobwhite 3 Song.mp3	4	song
17	recordings/0142 1 Crested Bobwhite 1 Song.mp3	4	song
18	recordings/0145 3 Black-fronted Wood-Quail 3 Duet.mp3	5	duet
19	recordings/0145 1 Black-fronted Wood-Quail 1 Song.mp3	5	song
20	recordings/0145 2 Black-fronted Wood-Quail 2 Duet.mp3	5	duet
21	recordings/0622 1 Pale-vented Pigeon 1 Song.mp3	6	song
22	recordings/0622 3 Pale-vented Pigeon 3 Song.mp3	6	song
23	recordings/0622 5 Pale-vented Pigeon 5 Song.mp3	6	song
24	recordings/0622 4 Pale-vented Pigeon 4 Song.mp3	6	song
25	recordings/0622 2 Pale-vented Pigeon 2 Song.mp3	6	song
26	recordings/0615 1 Scaled Pigeon 1 Song.mp3	7	song
27	recordings/0615 2 Scaled Pigeon 2 Song.mp3	7	song
28	recordings/0615 3 Scaled Pigeon 3 Song.mp3	7	song
29	recordings/0615 4 Scaled Pigeon 4 Song.mp3	7	song
30	recordings/0615 5 Scaled Pigeon 5 Song.mp3	7	song
31	recordings/0618 2 Bare-eyed Pigeon 2 Song.mp3	8	song
32	recordings/0618 1 Bare-eyed Pigeon 1 Song.mp3	8	song
33	recordings/0618 3 Bare-eyed Pigeon 3 Song.mp3	8	song
34	recordings/0620 2 Band-tailed Pigeon 2 Song.mp3	9	song
35	recordings/0620 1 Band-tailed Pigeon 1 Song.mp3	9	song
36	recordings/0620 3 Band-tailed Pigeon 3 Song QQ.mp3	9	song qq
37	recordings/0625 6 Ruddy Pigeon 6 Call.mp3	10	call
38	recordings/0625 2 Ruddy Pigeon 2 Song.mp3	10	song
39	recordings/0625 1 Ruddy Pigeon 1 Song.mp3	10	song
40	recordings/0625 4 Ruddy Pigeon 4 Song.mp3	10	song
41	recordings/0625 3 Ruddy Pigeon 3 Song.mp3	10	song
42	recordings/0625 5 Ruddy Pigeon 5 Call.mp3	10	call
43	recordings/0598 2 Plain-breasted Ground-Dove 2 Song.mp3	11	song
44	recordings/0598 3 Plain-breasted Ground-Dove 3 Song.mp3	11	song
45	recordings/0598 1 Plain-breasted Ground-Dove 1 Song.mp3	11	song
46	recordings/0599 1 Ruddy Ground-Dove 1 Song.mp3	12	song
47	recordings/0599 3 Ruddy Ground-Dove 3 Song.mp3	12	song
48	recordings/0599 2 Ruddy Ground-Dove 2 Song.mp3	12	song
49	recordings/0605 1 Blue Ground-Dove 1 Song.mp3	13	song
50	recordings/0605 3 Blue Ground-Dove 3 Song.mp3	13	song
51	recordings/0605 2 Blue Ground-Dove 2 Song.mp3	13	song
52	recordings/0605 4 Blue Ground-Dove 4 Song.mp3	13	song
53	recordings/0646 1 Ruddy Quail-Dove 1 Song.mp3	15	song
54	recordings/0646 2 Ruddy Quail-Dove 2 Song.mp3	15	song
55	recordings/0646 3 Ruddy Quail-Dove 3 Song ().mp3	15	song ()
56	recordings/0632 4 White-tipped Dove 4 Song.mp3	16	song
57	recordings/0632 2 White-tipped Dove 2 Song.mp3	16	song
58	recordings/0632 1 White-tipped Dove 1 Song.mp3	16	song
59	recordings/0632 3 White-tipped Dove 3 Song.mp3	16	song
60	recordings/0643 2 Lined Quail-Dove 2 Song.mp3	17	song
61	recordings/0643 3 Lined Quail-Dove 3 Song.mp3	17	song
62	recordings/0643 1 Lined Quail-Dove 1 Song.mp3	17	song
63	recordings/0643 6 Lined Quail-Dove 6 Song.mp3	17	song
64	recordings/0643 4 Lined Quail-Dove 4 Song.mp3	17	song
65	recordings/0643 5 Lined Quail-Dove 5 Song.mp3	17	song
66	recordings/0788 2 Smooth-billed Ani 2 Call.mp3	18	call
67	recordings/0788 4 Smooth-billed Ani 4 Call.mp3	18	call
68	recordings/0788 5 Smooth-billed Ani 5 Call.mp3	18	call
69	recordings/0788 3 Smooth-billed Ani 3 Call.mp3	18	call
70	recordings/0788 1 Smooth-billed Ani 1 Call.mp3	18	call
71	recordings/0789 2 Groove-billed Ani 2 Call N.mp3	19	call n
72	recordings/0789 3 Groove-billed Ani 3 Grunts.mp3	19	grunts
73	recordings/0789 1 Groove-billed Ani 1 Call E.mp3	19	call e
74	recordings/0791 1 Striped Cuckoo 1 Song.mp3	20	song
75	recordings/0791 4 Striped Cuckoo 4 Call.mp3	20	call
76	recordings/0791 3 Striped Cuckoo 3 Call.mp3	20	call
77	recordings/0791 2 Striped Cuckoo 2 Call.mp3	20	call
78	recordings/0779 4 Squirrel Cuckoo 4 Call.mp3	21	call
79	recordings/0779 5 Squirrel Cuckoo 5 Call.mp3	21	call
80	recordings/0779 6 Squirrel Cuckoo 6 Call.mp3	21	call
81	recordings/0779 7 Squirrel Cuckoo 7 Call flight.mp3	21	call flight
82	recordings/0779 2 Squirrel Cuckoo 2 Song.mp3	21	song
83	recordings/0779 1 Squirrel Cuckoo 1 Song.mp3	21	song
84	recordings/0779 8 Squirrel Cuckoo 8 Rattle.mp3	21	rattle
85	recordings/0779 3 Squirrel Cuckoo 3 Song.mp3	21	song
86	recordings/0852 1 Nacunda Nighthawk 1 Song.mp3	22	song
87	recordings/0852 2 Nacunda Nighthawk 2 Song.mp3	22	song
88	recordings/0855 1 Lesser Nighthawk 1 Song and call.mp3	23	song and call
89	recordings/0860 4 Common Pauraque 4 Song.mp3	25	song
90	recordings/0860 2 Common Pauraque 2 Song.mp3	25	song
91	recordings/0860 1 Common Pauraque 1 Song.mp3	25	song
92	recordings/0860 3 Common Pauraque 3 Song.mp3	25	song
93	recordings/0843 2 Oilbird 2 Calls.mp3	26	calls
94	recordings/0843 4 Oilbird 4 Calls.mp3	26	calls
95	recordings/0843 3 Oilbird 3 Calls.mp3	26	calls
96	recordings/0843 1 Oilbird 1 Calls.mp3	26	calls
97	recordings/0892 5 White-collared Swift 5 Call.mp3	27	call
98	recordings/0892 1 White-collared Swift 1 Call.mp3	27	call
99	recordings/0892 3 White-collared Swift 3 Call.mp3	27	call
100	recordings/0892 2 White-collared Swift 2 Call.mp3	27	call
101	recordings/0892 4 White-collared Swift 4 Call.mp3	27	call
102	recordings/0907 1 Lesser Swallow-tailed Swift 1 Call.mp3	28	call
103	recordings/0910 3 White-necked Jacobin 3 call.mp3	29	call
104	recordings/0910 2 White-necked Jacobin 2 calls.mp3	29	calls
105	recordings/0910 1 White-necked Jacobin 1 Song.mp3	29	song
106	recordings/0910 4 White-necked Jacobin 4 call.mp3	29	call
107	recordings/0916 1 Bronzy Hermit 1 song.mp3	30	song
108	recordings/0917 3 Rufous-breasted Hermit 3 Call.mp3	31	call
109	recordings/0917 2 Rufous-breasted Hermit 2 Calls.mp3	31	calls
110	recordings/0917 1 Rufous-breasted Hermit 1 Calls.mp3	31	calls
111	recordings/0941 2 Tawny-bellied Hermit 2 Lek.mp3	32	lek
112	recordings/0941 1 Tawny-bellied Hermit 1 Song.mp3	32	song
113	recordings/0941 3 Tawny-bellied Hermit 3 Call.mp3	32	call
114	recordings/0945 3 Long-billed Hermit 3 call.mp3	33	call
115	recordings/0945 1 Long-billed Hermit 1 song.mp3	33	song
116	recordings/0945 2 Long-billed Hermit 2 song.mp3	33	song
117	recordings/0937 1 Pale-bellied Hermit 1 Song.mp3	34	song
118	recordings/0930 2 Gray-chinned Hermit 2 Song.mp3	36	song
119	recordings/0930 1 Gray-chinned Hermit 1 Song.mp3	36	song
120	recordings/0930 3 Gray-chinned Hermit 3 Song.mp3	36	song
121	recordings/0934 1 Sooty-capped Hermit 1 Song.mp3	37	song
122	recordings/0965 1 Ruby-topaz Hummingbird 1 Call.mp3	41	call
123	recordings/0968 1 Black-throated Mango 1 Call.mp3	42	call
124	recordings/0993 1 Speckled Hummingbird 1 Song.mp3	43	song
125	recordings/0993 3 Speckled Hummingbird 3 Song.mp3	43	song
126	recordings/0993 4 Speckled Hummingbird 4 Call.mp3	43	call
127	recordings/0993 5 Speckled Hummingbird 5 Call.mp3	43	call
128	recordings/0993 2 Speckled Hummingbird 2 Song.mp3	43	song
129	recordings/1019 3 Tyrian Metaltail 3 Call.mp3	46	call
130	recordings/1019 1 Tyrian Metaltail 1 Song.mp3	46	song
131	recordings/1019 2 Tyrian Metaltail 2 Song.mp3	46	song
132	recordings/1057 2 Mountain Velvetbreast 2 Call.mp3	49	call
133	recordings/1057 3 Mountain Velvetbreast 3 Call.mp3	49	call
134	recordings/1057 1 Mountain Velvetbreast 1 Call.mp3	49	call
135	recordings/1080 1 Long-billed Starthroat 1 Call.mp3	50	call
136	recordings/1098 1 Red-billed Emerald 1 Call.mp3	52	call
137	recordings/1113 1 Lazuline Sabrewing 1 Song.mp3	54	song
138	recordings/1118 1 White-vented Plumeleteer 1 Call.mp3	56	call
139	recordings/1134 2 Rufous-tailed Hummingbird 2 Song.mp3	59	song
140	recordings/1134 1 Rufous-tailed Hummingbird 1 Song.mp3	59	song
141	recordings/1134 3 Rufous-tailed Hummingbird 3 Call.mp3	59	call
142	recordings/1153 1 Sapphire-throated Hummingbird 1 Song.mp3	60	song
143	recordings/1159 4 White-chinned Sapphire 4 Song.mp3	62	song
144	recordings/1159 1 White-chinned Sapphire 1 Song.mp3	62	song
145	recordings/1159 2 White-chinned Sapphire 2 Song.mp3	62	song
146	recordings/1159 3 White-chinned Sapphire 3 Song.mp3	62	song
147	recordings/1159 5 White-chinned Sapphire 5 Song Andes.mp3	62	song andes
148	recordings/0324 1 Black Vulture 1 Grunts.mp3	63	grunts
149	recordings/0329 1 Pearl Kite 1 Call.mp3	66	call
150	recordings/0386 1 Black-and-chestnut Eagle 1 Call.mp3	67	call
151	recordings/0340 1 Plumbeous Kite 1 Call.mp3	68	call
152	recordings/0346 1 Semicollared Hawk 1 Call.mp3	69	call
153	recordings/0347 4 Sharp-shinned Hawk 4 Call flight.mp3	70	call flight
154	recordings/0347 3 Sharp-shinned Hawk 3 Call.mp3	70	call
155	recordings/0347 2 Sharp-shinned Hawk 2 Call.mp3	70	call
156	recordings/0347 1 Sharp-shinned Hawk 1 Long call.mp3	70	long call
157	recordings/0354 1 Common Black-Hawk 1 Song.mp3	71	song
158	recordings/0358 1 Solitary Eagle 1 Call.mp3	72	call
159	recordings/0361 3 Roadside Hawk 3 Long call.mp3	73	long call
160	recordings/0361 6 Roadside Hawk 6 Both calls.mp3	73	both calls
161	recordings/0361 4 Roadside Hawk 4 Long call.mp3	73	long call
162	recordings/0361 1 Roadside Hawk 1 Short call.mp3	73	short call
163	recordings/0361 5 Roadside Hawk 5 Both calls.mp3	73	both calls
164	recordings/0361 2 Roadside Hawk 2 Short Call.mp3	73	short call
165	recordings/0363 2 White-rumped Hawk 2 Call.mp3	74	call
166	recordings/0363 1 White-rumped Hawk 1 Call.mp3	74	call
167	recordings/0809 2 Santa Marta Screech-Owl 2 Song.mp3	77	song
168	recordings/0809 1 Santa Marta Screech-Owl 1 Song.mp3	77	song
169	recordings/0818 2 Great Horned Owl 2 Song.mp3	78	song
170	recordings/0818 3 Great Horned Owl 3 Song.mp3	78	song
171	recordings/0818 1 Great Horned Owl 1 Song.mp3	78	song
172	recordings/0834 5 Ferruginous Pygmy-Owl 5 Call.mp3	79	call
173	recordings/0834 1 Ferruginous Pygmy-Owl 1 Song.mp3	79	song
174	recordings/0834 2 Ferruginous Pygmy-Owl 2 Song.mp3	79	song
175	recordings/0834 3 Ferruginous Pygmy-Owl 3 Call.mp3	79	call
176	recordings/0834 4 Ferruginous Pygmy-Owl 4 Call.mp3	79	call
177	recordings/0834 6 Ferruginous Pygmy-Owl 6 Call.mp3	79	call
178	recordings/0822 2 Mottled Owl 2 Call.mp3	80	call
179	recordings/0822 1 Mottled Owl 1 Song.mp3	80	song
180	recordings/0823 4 Black-and-white Owl 4 Call.mp3	81	call
181	recordings/0823 3 Black-and-white Owl 3 Call.mp3	81	call
182	recordings/0823 2 Black-and-White Owl 2 Song.mp3	81	song
183	recordings/0823 1 Black-and-White Owl 1 Song.mp3	81	song
184	recordings/1165 1 White-tipped Quetzal 1 Song.mp3	82	song
185	recordings/1165 4 White-tipped Quetzal 4 Call.mp3	82	call
186	recordings/1165 3 White-tipped Quetzal 3 Call.mp3	82	call
187	recordings/1165 2 White-tipped Quetzal 2 Song.mp3	82	song
188	recordings/1180 4 Masked Trogon 4 Call.mp3	84	call
189	recordings/1180 2 Masked Trogon 2 Song.mp3	84	song
190	recordings/1180 1 Masked Trogon 1 Song.mp3	84	song
191	recordings/1180 3 Masked Trogon 3 Song.mp3	84	song
192	recordings/1180 6 Masked Trogon 6 Call.mp3	84	call
193	recordings/1180 5 Masked Trogon 5 Call.mp3	84	call
194	recordings/1191 2 Whooping Motmot 2 Song.mp3	85	song
195	recordings/1191 1 Whooping Motmot 1 Song.mp3	85	song
196	recordings/1191 3 Whooping Motmot 3 Bill snapping.mp3	85	bill snapping
197	recordings/1183 4 Amazon Kingfisher 4 Chatter.mp3	86	chatter
198	recordings/1183 3 Amazon Kingfisher 3 Call.mp3	86	call
199	recordings/1183 1 Amazon Kingfisher 1 Song.mp3	86	song
200	recordings/1183 2 Amazon Kingfisher 2 Call.mp3	86	call
201	recordings/1227 2 Russet-throated Puffbird 2 Song.mp3	87	song
202	recordings/1227 3 Russet-throated Puffbird 3 Song.mp3	87	song
203	recordings/1227 1 Russet-throated Puffbird 1 Song.mp3	87	song
204	recordings/1227 4 Russet-throated Puffbird 4 Duet.mp3	87	duet
205	recordings/1204 6 Rufous-tailed Jacamar 6 Call.mp3	88	call
206	recordings/1204 2 Rufous-tailed Jacamar 2 Song.mp3	88	song
207	recordings/1204 7 Rufous-tailed Jacamar 7 Agitated calls.mp3	88	agitated calls
208	recordings/1204 1 Rufous-tailed Jacamar 1 Song.mp3	88	song
209	recordings/1204 5 Rufous-tailed Jacamar 5 Call.mp3	88	call
210	recordings/1204 4 Rufous-tailed Jacamar 4 Song.mp3	88	song
211	recordings/1204 3 Rufous-tailed Jacamar 3 Song.mp3	88	song
212	recordings/1271 1 Groove-billed Toucanet 1 Song.mp3	90	song
213	recordings/1271 3 Groove-billed Toucanet 3 Song Santa Marta QQ.mp3	90	song santa marta qq
214	recordings/1271 2 Groove-billed Toucanet 2 Song.mp3	90	song
215	recordings/1289 1 Collared Aracari 1 Call.mp3	91	call
216	recordings/1266 2 Keel-billed Toucan 2 Song.mp3	92	song
217	recordings/1266 1 Keel-billed Toucan 1 Song.mp3	92	song
218	recordings/1301 3 Scaled Piculet 3 Agitated call and song.mp3	93	agitated call and song
219	recordings/1301 2 Scaled Piculet 2 Song.mp3	93	song
220	recordings/1301 1 Scaled Piculet 1 Song.mp3	93	song
221	recordings/1301 6 Scaled Piculet 6 Ticking.mp3	93	ticking
222	recordings/1301 5 Scaled Piculet 5 Agitated call.mp3	93	agitated call
223	recordings/1301 4 Scaled Piculet 4 Agitated call.mp3	93	agitated call
224	recordings/1320 1 Chestnut Piculet 1 Song.mp3	94	song
225	recordings/1328 2 Red-crowned Woodpecker 2 Call.mp3	95	call
226	recordings/1328 1 Red-crowned Woodpecker 1 Call.mp3	95	call
227	recordings/1329 6 Smoky-brown Woodpecker 6 Interaction call.mp3	96	interaction call
228	recordings/1329 3 Smoky-brown Woodpecker 3 Call.mp3	96	call
229	recordings/1329 1 Smoky-brown Woodpecker 1 Song.mp3	96	song
230	recordings/1329 7 Smoky-brown Woodpecker 7 Interaction call.mp3	96	interaction call
231	recordings/1329 5 Smoky-brown Woodpecker 5 Call.mp3	96	call
232	recordings/1329 2 Smoky-brown Woodpecker 2 Song.mp3	96	song
233	recordings/1329 4 Smoky-brown Woodpecker 4 Call.mp3	96	call
234	recordings/1330 2 Red-rumped Woodpecker 2 Call.mp3	97	call
235	recordings/1330 1 Red-rumped Woodpecker 1 Call.mp3	97	call
236	recordings/1330 3 Red-rumped Woodpecker 3 Call.mp3	97	call
237	recordings/1370 2 Powerful Woodpecker 2 Call.mp3	98	call
238	recordings/1370 3 Powerful Woodpecker 3 Call.mp3	98	call
239	recordings/1370 1 Powerful Woodpecker 1 Call, rattle and drum.mp3	98	call, rattle and drum
240	recordings/1374 6 Crimson-crested Woodpecker 6 Call flight.mp3	99	call flight
241	recordings/1374 3 Crimson-crested Woodpecker 3 Call.mp3	99	call
242	recordings/1374 2 Crimson-crested Woodpecker 2 Call.mp3	99	call
243	recordings/1374 7 Crimson-crested Woodpecker 7 Drum.mp3	99	drum
244	recordings/1374 5 Crimson-crested Woodpecker 5 Interaction call.mp3	99	interaction call
245	recordings/1374 1 Crimson-crested Woodpecker 1 Call.mp3	99	call
246	recordings/1374 4 Crimson-crested Woodpecker 4 Interaction call.mp3	99	interaction call
247	recordings/1368 5 Lineated Woodpecker 5 Call.mp3	100	call
248	recordings/1368 7 Lineated Woodpecker 7 Call.mp3	100	call
249	recordings/1368 4 Lineated Woodpecker 4 Call.mp3	100	call
250	recordings/1368 3 Lineated Woodpecker 3 Call.mp3	100	call
251	recordings/1368 6 Lineated Woodpecker 6 Call.mp3	100	call
252	recordings/1368 2 Lineated Woodpecker 2 Song.mp3	100	song
253	recordings/1368 8 Lineated Woodpecker 8 Soft calls.mp3	100	soft calls
254	recordings/1368 1 Lineated Woodpecker 1 Song.mp3	100	song
255	recordings/1347 1 Golden-green Woodpecker 1 Calls.mp3	101	calls
256	recordings/1349 4 Golden-olive Woodpecker 4 Call.mp3	102	call
257	recordings/1349 3 Golden-olive Woodpecker 3 Call.mp3	102	call
258	recordings/1349 1 Golden-olive Woodpecker 1 Song.mp3	102	song
259	recordings/1349 2 Golden-olive Woodpecker 2 Song.mp3	102	song
260	recordings/0388 5 Barred Forest-Falcon 5 Long song.mp3	103	long song
261	recordings/0388 7 Barred Forest-Falcon 7 Long song.mp3	103	long song
262	recordings/0388 2 Barred Forest-Falcon 2 Song.mp3	103	song
263	recordings/0388 4 Barred Forest-Falcon 4 Long song.mp3	103	long song
264	recordings/0388 1 Barred Forest-Falcon 1 Song.mp3	103	song
265	recordings/0388 3 Barred Forest-Falcon 3 Song.mp3	103	song
266	recordings/0388 6 Barred Forest-Falcon 6 Long song.mp3	103	long song
267	recordings/0396 1 Crested Caracara 1 Call.mp3	104	call
268	recordings/0396 2 Crested Caracara 2 Call immature.mp3	104	call immature
269	recordings/0404 4 Yellow-headed Caracara 4 Call.mp3	105	call
270	recordings/0404 5 Yellow-headed Caracara 5 Calls flight.mp3	105	calls flight
271	recordings/0404 1 Yellow-headed Caracara 1 Call.mp3	105	call
272	recordings/0404 2 Yellow-headed Caracara 2 Call.mp3	105	call
273	recordings/0404 3 Yellow-headed Caracara 3 Call.mp3	105	call
274	recordings/0387 5 Laughing Falcon 5 Laugh.mp3	106	laugh
275	recordings/0387 4 Laughing Falcon 4 Song.mp3	106	song
276	recordings/0387 2 Laughing Falcon 2 Song.mp3	106	song
277	recordings/0387 1 Laughing Falcon 1 Song.mp3	106	song
278	recordings/0387 3 Laughing Falcon 3 Song.mp3	106	song
279	recordings/0407 2 American Kestrel 2 Call.mp3	107	call
280	recordings/0407 1 American Kestrel 1 Call.mp3	107	call
281	recordings/0409 2 Bat Falcon 2 Call.mp3	108	call
282	recordings/0409 1 Bat Falcon 1 Call.mp3	108	call
283	recordings/0409 4 Bat Falcon 4 Call.mp3	108	call
284	recordings/0409 6 Bat Falcon 6 Call ().mp3	108	call ()
285	recordings/0409 5 Bat Falcon 5 Call.mp3	108	call
286	recordings/0409 3 Bat Falcon 3 Call.mp3	108	call
287	recordings/0724 3 Barred Parakeet 3 Call.mp3	109	call
288	recordings/0724 1 Barred Parakeet 1 Call flight.mp3	109	call flight
289	recordings/0724 2 Barred Parakeet 2 Call flight.mp3	109	call flight
290	recordings/0718 4 Orange-chinned Parakeet 4 Call flight.mp3	110	call flight
291	recordings/0718 1 Orange-chinned Parakeet 1 Call.mp3	110	call
292	recordings/0718 3 Orange-chinned Parakeet 3 Call.mp3	110	call
293	recordings/0718 2 Orange-chinned Parakeet 2 Call.mp3	110	call
294	recordings/0754 2 Red-billed Parrot 2 Call flight.mp3	111	call flight
295	recordings/0754 1 Red-billed Parrot 1 Call flight.mp3	111	call flight
296	recordings/0754 3 Red-billed Parrot 3 Call flight.mp3	111	call flight
297	recordings/0754 4 Red-billed Parrot 4 Call.mp3	111	call
298	recordings/0753 3 Blue-headed Parrot 3 Call flight.mp3	112	call flight
299	recordings/0753 1 Blue-headed Parrot 1 Call flight.mp3	112	call flight
300	recordings/0753 4 Blue-headed Parrot 4 Call flight.mp3	112	call flight
301	recordings/0753 2 Blue-headed Parrot 2 Call flight.mp3	112	call flight
302	recordings/0753 5 Blue-headed Parrot 5 Call flock.mp3	112	call flock
303	recordings/0771 1 Scaly-naped Parrot 1 Call flight.mp3	113	call flight
304	recordings/0771 4 Scaly-naped Parrot 4 Call flight.mp3	113	call flight
305	recordings/0771 3 Scaly-naped Parrot 3 Call flight.mp3	113	call flight
306	recordings/0771 6 Scaly-naped Parrot 6 Call flight.mp3	113	call flight
307	recordings/0771 2 Scaly-naped Parrot 2 Call flight.mp3	113	call flight
308	recordings/0771 7 Scaly-naped Parrot 7 Call flight.mp3	113	call flight
309	recordings/0771 5 Scaly-naped Parrot 5 Call.mp3	113	call
310	recordings/0708 2 Blue-winged Parrotlet 2 Call flight.mp3	114	call flight
311	recordings/0708 1 Blue-winged Parrotlet 1 Call.mp3	114	call
312	recordings/0709 3 Spectacled Parrotlet 3 Call.mp3	115	call
313	recordings/0709 1 Spectacled Parrotlet 1 Call.mp3	115	call
314	recordings/0709 2 Spectacled Parrotlet 2 Call.mp3	115	call
315	recordings/0696 1 Santa Marta Parakeet 1 Call perched.mp3	116	call perched
316	recordings/0679 1 Brown-throated Parakeet 1 Call.mp3	117	call
317	recordings/0679 2 Brown-throated Parakeet 2 Call.mp3	117	call
318	recordings/0654 2 Military Macaw 2 Call flight.mp3	118	call flight
319	recordings/0654 1 Military Macaw 1 Call flight.mp3	118	call flight
320	recordings/0654 3 Military Macaw 3 Call flight.mp3	118	call flight
321	recordings/0669 5 Scarlet-fronted Parakeet 5 Call flight.mp3	119	call flight
322	recordings/0669 4 Scarlet-fronted Parakeet 4 Call flight.mp3	119	call flight
323	recordings/0669 1 Scarlet-fronted Parakeet 1 Call flight.mp3	119	call flight
324	recordings/0669 2 Scarlet-fronted Parakeet 2 Call flight.mp3	119	call flight
325	recordings/0669 3 Scarlet-fronted Parakeet 3 Call flight.mp3	119	call flight
326	recordings/1389 1 Black-crested Antshrike 1 Song.mp3	120	song
327	recordings/1389 8 Black-crested Antshrike 8 Long call.mp3	120	long call
328	recordings/1389 3 Black-crested Antshrike 3 Song.mp3	120	song
329	recordings/1389 4 Black-crested Antshrike 4 Song.mp3	120	song
330	recordings/1389 2 Black-crested Antshrike 2 Song.mp3	120	song
331	recordings/1389 5 Black-crested Antshrike 5 Song.mp3	120	song
332	recordings/1389 6 Black-crested Antshrike 6 Call.mp3	120	call
333	recordings/1389 9 Black-crested Antshrike 9 Long call ().mp3	120	long call ()
334	recordings/1389 7 Black-crested Antshrike 7 Call.mp3	120	call
335	recordings/1393 5 Barred Antshrike 5 Call.mp3	121	call
336	recordings/1393 1 Barred Antshrike 1 Song.mp3	121	song
337	recordings/1393 7 Barred Antshrike 7 Call.mp3	121	call
338	recordings/1393 2 Barred Antshrike 2 Song.mp3	121	song
339	recordings/1393 6 Barred Antshrike 6 Call.mp3	121	call
340	recordings/1393 4 Barred Antshrike 4 Call.mp3	121	call
341	recordings/1393 3 Barred Antshrike 3 Call.mp3	121	call
342	recordings/1393 8 Barred Antshrike 8 Call.mp3	121	call
343	recordings/1417 5 Black-backed Antshrike 5 Call.mp3	123	call
344	recordings/1417 2 Black-backed Antshrike 2 Song.mp3	123	song
345	recordings/1417 4 Black-backed Antshrike 4 Call.mp3	123	call
346	recordings/1417 3 Black-backed Antshrike 3 Call.mp3	123	call
347	recordings/1417 1 Black-backed Antshrike 1 Song.mp3	123	song
348	recordings/1417 6 Black-backed Antshrike 6 Call.mp3	123	call
349	recordings/1495 22 White-fringed Antwren 22 Song male.mp3	124	song male
350	recordings/1495 19 White-fringed Antwren 19 Call.mp3	124	call
351	recordings/1495 23 White-fringed Antwren 23 Song male.mp3	124	song male
352	recordings/1495 25 White-fringed Antwren 25 Duet.mp3	124	duet
353	recordings/1495 24 White-fringed Antwren 24 Song female.mp3	124	song female
354	recordings/1495 11 White-fringed Antwren 11 Song male.mp3	124	song male
355	recordings/1495 28 White-fringed Antwren 28 Calls.mp3	124	calls
356	recordings/1495 18 White-fringed Antwren 18 Call.mp3	124	call
357	recordings/1495 12 White-fringed Antwren 12 Song male.mp3	124	song male
358	recordings/1495 14 White-fringed Antwren 14 Call.mp3	124	call
359	recordings/1495 21 White-fringed Antwren 21 Song male South.mp3	124	song male south
360	recordings/1495 15 White-fringed Antwren 15 Call female.mp3	124	call female
361	recordings/1495 13 White-fringed Antwren 13 Call.mp3	124	call
362	recordings/1495 27 White-fringed Antwren 27 Duet ().mp3	124	duet ()
363	recordings/1495 17 White-fringed Antwren 17 Call.mp3	124	call
364	recordings/1495 26 White-fringed Antwren 26 Duet.mp3	124	duet
365	recordings/1624 6 Santa Marta Antpitta 6 Call.mp3	126	call
366	recordings/1624 1 Santa Marta Antpitta 1 Song.mp3	126	song
367	recordings/1624 3 Santa Marta Antpitta 3 Song.mp3	126	song
368	recordings/1624 2 Santa Marta Antpitta 2 Song.mp3	126	song
369	recordings/1624 4 Santa Marta Antpitta 4 Song.mp3	126	song
370	recordings/1624 5 Santa Marta Antpitta 5 Call.mp3	126	call
371	recordings/1638 5 Rufous Antpitta 5 Song E.mp3	127	song e
372	recordings/1638 1 Rufous Antpitta 1 Song W.mp3	127	song w
373	recordings/1638 6 Rufous Antpitta 6 Song Centre.mp3	127	song centre
374	recordings/1638 3 Rufous Antpitta 3 Song Santa Marta.mp3	127	song santa marta
375	recordings/1638 8 Rufous Antpitta 8 Song Centre.mp3	127	song centre
376	recordings/1638 7 Rufous Antpitta 7 Song centre.mp3	127	song centre
377	recordings/1638 2 Rufous Antpitta 2 Song W.mp3	127	song w
378	recordings/1638 4 Rufous Antpitta 4 Song Santa Marta.mp3	127	song santa marta
379	recordings/1659 3 Rusty-breasted Antpitta 3 Song.mp3	128	song
380	recordings/1659 4 Rusty-breasted Antpitta 4 Song.mp3	128	song
381	recordings/1659 1 Rusty-breasted Antpitta 1 Song.mp3	128	song
382	recordings/1659 2 Rusty-breasted Antpitta 2 Song.mp3	128	song
383	recordings/1659 5 Rusty-breasted Antpitta 5 Song.mp3	128	song
384	recordings/1679 4 Blackish Tapaculo 4 Call.mp3	129	call
385	recordings/1679 7 Blackish Tapaculo 7 Nasal call.mp3	129	nasal call
386	recordings/1679 1 Blackish Tapaculo 1 Song.mp3	129	song
387	recordings/1679 6 Blackish Tapaculo 6 Call.mp3	129	call
388	recordings/1679 3 Blackish Tapaculo 3 Song.mp3	129	song
389	recordings/1679 8 Blackish Tapaculo 8 song QQ.mp3	129	song qq
390	recordings/1679 2 Blackish Tapaculo 2 Song.mp3	129	song
391	recordings/1679 5 Blackish Tapaculo 5 Call.mp3	129	call
392	recordings/1688 3 Santa Marta Tapaculo 3 Call.mp3	130	call
393	recordings/1688 1 Santa Marta Tapaculo 1 Song.mp3	130	song
394	recordings/1688 2 Santa Marta Tapaculo 2 Call.mp3	130	call
395	recordings/1699 5 Brown-rumped Tapaculo 5 Call.mp3	131	call
396	recordings/1699 1 Brown-rumped Tapaculo 1 Call and song.mp3	131	call and song
397	recordings/1699 3 Brown-rumped Tapaculo 3 Call.mp3	131	call
398	recordings/1699 4 Brown-rumped Tapaculo 4 Call.mp3	131	call
399	recordings/1699 2 Brown-rumped Tapaculo 2 Song.mp3	131	song
400	recordings/1733 6 Gray-throated Leaftosser 6 Call.mp3	132	call
401	recordings/1733 4 Gray-throated Leaftosser 4 Excited song.mp3	132	excited song
402	recordings/1733 3 Gray-throated Leaftosser 3 Excited song.mp3	132	excited song
403	recordings/1733 1 Gray-throated Leaftosser 1 Song.mp3	132	song
404	recordings/1733 7 Gray-throated Leaftosser 7 Call.mp3	132	call
405	recordings/1733 5 Gray-throated Leaftosser 5 Call.mp3	132	call
406	recordings/1733 8 Gray-throated Leaftosser 8 Chatter.mp3	132	chatter
407	recordings/1733 2 Gray-throated Leaftosser 2 Song.mp3	132	song
408	recordings/1975 4 Olivaceous Woodcreeper 4 Song S.mp3	133	song s
409	recordings/1975 5 Olivaceous Woodcreeper 5 Song S.mp3	133	song s
410	recordings/1975 2 Olivaceous Woodcreeper 2 Song N.mp3	133	song n
411	recordings/1975 3 Olivaceous Woodcreeper 3 Song N.mp3	133	song n
412	recordings/1975 1 Olivaceous Woodcreeper 1 Song N.mp3	133	song n
413	recordings/1975 7 Olivaceous Woodcreeper 7 Song S.mp3	133	song s
414	recordings/1975 6 Olivaceous Woodcreeper 6 Song S.mp3	133	song s
415	recordings/1974 2 Ruddy Woodcreeper 2 rattle ().mp3	134	rattle ()
416	recordings/1974 3 Ruddy Woodcreeper 3 call.mp3	134	call
417	recordings/1972 3 Plain-brown Woodcreeper 3 Rattle.mp3	135	rattle
418	recordings/1972 6 Plain-brown Woodcreeper 6 Short rattle.mp3	135	short rattle
419	recordings/1972 7 Plain-brown Woodcreeper 7 Short rattle.mp3	135	short rattle
420	recordings/1972 8 Plain-brown Woodcreeper 8 Call.mp3	135	call
421	recordings/1972 4 Plain-brown Woodcreeper 4 Rattle.mp3	135	rattle
422	recordings/1972 9 Plain-brown Woodcreeper 9 Call.mp3	135	call
423	recordings/1972 5 Plain-brown Woodcreeper 5 Short rattle.mp3	135	short rattle
424	recordings/1972 2 Plain-brown Woodcreeper 2 Rattle.mp3	135	rattle
425	recordings/1972 1 Plain-brown Woodcreeper 1 Song.mp3	135	song
426	recordings/1977 1 Wedge-billed Woodcreeper 1 Song.mp3	136	song
427	recordings/1977 3 Wedge-billed Woodcreeper 3 Song.mp3	136	song
428	recordings/1977 5 Wedge-billed Woodcreeper 5 Song.mp3	136	song
429	recordings/1977 6 Wedge-billed Woodcreeper 6 Call.mp3	136	call
430	recordings/1977 8 Wedge-billed Woodcreeper 8 Call.mp3	136	call
431	recordings/1977 9 Wedge-billed Woodcreeper 9 Excited call.mp3	136	excited call
432	recordings/1977 2 Wedge-billed Woodcreeper 2 Song.mp3	136	song
433	recordings/1977 7 Wedge-billed Woodcreeper 7 Call.mp3	136	call
434	recordings/1977 4 Wedge-billed Woodcreeper 4 Song.mp3	136	song
435	recordings/1988 4 Northern Barred-Woodcreeper 4 Song.mp3	137	song
436	recordings/1988 5 Northern Barred-Woodcreeper 5 Call.mp3	137	call
437	recordings/1988 2 Northern Barred-Woodcreeper 2 Song.mp3	137	song
438	recordings/1988 3 Northern Barred-Woodcreeper 3 Song.mp3	137	song
439	recordings/1988 1 Northern Barred-Woodcreeper 1 Song.mp3	137	song
440	recordings/1990 8 Black-banded Woodcreeper 8 Nasal call.mp3	138	nasal call
441	recordings/1990 6 Black-banded Woodcreeper 6 Song S.mp3	138	song s
442	recordings/1990 9 Black-banded Woodcreeper 9 Nasal call and agitated song.mp3	138	nasal call and agitated song
443	recordings/1990 2 Black-banded Woodcreeper 2 Song N.mp3	138	song n
444	recordings/1990 4 Black-banded Woodcreeper 4 Song N.mp3	138	song n
445	recordings/1990 1 Black-banded Woodcreeper 1 Song N.mp3	138	song n
446	recordings/1990 7 Black-banded Woodcreeper 7 Song S.mp3	138	song s
447	recordings/1990 3 Black-banded Woodcreeper 3 Song N.mp3	138	song n
448	recordings/1990 5 Black-banded Woodcreeper 5 Song S.mp3	138	song s
449	recordings/1984 5 Strong-billed Woodcreeper 5 Song lowlands.mp3	139	song lowlands
450	recordings/1984 4 Strong-billed Woodcreeper 4 Song.mp3	139	song
451	recordings/1984 1 Strong-billed Woodcreeper 1 Song.mp3	139	song
452	recordings/1984 6 Strong-billed Woodcreeper 6 Call.mp3	139	call
453	recordings/1984 2 Strong-billed Woodcreeper 2 Call and song.mp3	139	call and song
454	recordings/1984 3 Strong-billed Woodcreeper 3 Call and song.mp3	139	call and song
455	recordings/1984 7 Strong-billed Woodcreeper 7 Call.mp3	139	call
456	recordings/1997 2 Ocellated Woodcreeper 2 Call.mp3	140	call
457	recordings/1997 1 Ocellated Woodcreeper 1 Song and call.mp3	140	song and call
458	recordings/1997 3 Ocellated Woodcreeper 3 Call.mp3	140	call
459	recordings/2001 5 Cocoa Woodcreeper 5 Call.mp3	141	call
460	recordings/2001 7 Cocoa Woodcreeper 7 Call.mp3	141	call
461	recordings/2001 4 Cocoa Woodcreeper 4 Song.mp3	141	song
462	recordings/2001 2 Cocoa Woodcreeper 2 Song.mp3	141	song
463	recordings/2001 6 Cocoa Woodcreeper 6 Call.mp3	141	call
464	recordings/2001 3 Cocoa Woodcreeper 3 Song.mp3	141	song
465	recordings/2001 1 Cocoa Woodcreeper 1 Song.mp3	141	song
466	recordings/1993 2 Straight-billed Woodcreeper 2 Song.mp3	142	song
467	recordings/1993 7 Straight-billed Woodcreeper 7 Unusual call.mp3	142	unusual call
468	recordings/1993 5 Straight-billed Woodcreeper 5 Agitated calls.mp3	142	agitated calls
469	recordings/1993 4 Straight-billed Woodcreeper 4 Song.mp3	142	song
470	recordings/1993 1 Straight-billed Woodcreeper 1 Song.mp3	142	song
471	recordings/1993 3 Straight-billed Woodcreeper 3 Song.mp3	142	song
472	recordings/1993 6 Straight-billed Woodcreeper 6 Agitated calls.mp3	142	agitated calls
473	recordings/1993 8 Straight-billed Woodcreeper 8 Call.mp3	142	call
474	recordings/2006 1 Streak-headed Woodcreeper 1 Song and call.mp3	143	song and call
475	recordings/2006 5 Streak-headed Woodcreeper 5 Agitated calls.mp3	143	agitated calls
476	recordings/2006 4 Streak-headed Woodcreeper 4 Call.mp3	143	call
477	recordings/2006 2 Streak-headed Woodcreeper 2 Call.mp3	143	call
478	recordings/2006 3 Streak-headed Woodcreeper 3 Call.mp3	143	call
479	recordings/2008 2 Montane Woodcreeper 2 Song.mp3	144	song
480	recordings/2008 3 Montane Woodcreeper 3 Song.mp3	144	song
481	recordings/2008 1 Montane Woodcreeper 1 Song.mp3	144	song
482	recordings/2008 4 Montane Woodcreeper 4 Song.mp3	144	song
483	recordings/1968 1 Plain Xenops 1 Song.mp3	145	song
484	recordings/1968 3 Plain Xenops 3 Call.mp3	145	call
485	recordings/1968 2 Plain Xenops 2 Song.mp3	145	song
486	recordings/1969 1 Streaked Xenops 1 Song.mp3	146	song
487	recordings/1969 2 Streaked Xenops 2 Song.mp3	146	song
488	recordings/1921 2 Montane Foliage-gleaner 2 Call.mp3	147	call
489	recordings/1921 4 Montane Foliage-gleaner 4 Call.mp3	147	call
490	recordings/1921 3 Montane Foliage-gleaner 3 Call.mp3	147	call
491	recordings/1921 1 Montane Foliage-gleaner 1 Call.mp3	147	call
492	recordings/1957 5 Ruddy Foliage-gleaner 5 Call.mp3	148	call
493	recordings/1957 2 Ruddy Foliage-gleaner 2 Song Amazon.mp3	148	song amazon
494	recordings/1957 3 Ruddy Foliage-gleaner 3 Song W.mp3	148	song w
495	recordings/1957 4 Ruddy Foliage-gleaner 4 Song NW.mp3	148	song nw
496	recordings/1957 1 Ruddy Foliage-gleaner 1 Song Amazon.mp3	148	song amazon
497	recordings/1949 6 Flammulated Treehunter 6 Call.mp3	149	call
498	recordings/1949 1 Flammulated Treehunter 1 Song.mp3	149	song
499	recordings/1949 4 Flammulated Treehunter 4 Call.mp3	149	call
500	recordings/1949 2 Flammulated Treehunter 2 Song.mp3	149	song
501	recordings/1949 3 Flammulated Treehunter 3 Song.mp3	149	song
502	recordings/1949 5 Flammulated Treehunter 5 Call.mp3	149	call
503	recordings/1902 3 Spotted Barbtail 3 Call.mp3	150	call
504	recordings/1902 4 Spotted Barbtail 4 Call.mp3	150	call
505	recordings/1902 2 Spotted Barbtail 2 Song.mp3	150	song
506	recordings/1902 1 Spotted Barbtail 1 Song.mp3	150	song
507	recordings/1845 1 Streak-capped Spinetail 1 Song.mp3	151	song
508	recordings/1845 2 Streak-capped Spinetail 2 Song.mp3	151	song
509	recordings/1803 2 Pale-breasted Spinetail 2 Song.mp3	152	song
510	recordings/1803 5 Pale-breasted Spinetail 5 Song.mp3	152	song
511	recordings/1803 6 Pale-breasted Spinetail 6 Song.mp3	152	song
512	recordings/1803 1 Pale-breasted Spinetail 1 Song.mp3	152	song
513	recordings/1803 3 Pale-breasted Spinetail 3 Song.mp3	152	song
514	recordings/1803 4 Pale-breasted Spinetail 4 Song.mp3	152	song
515	recordings/1810 1 Rufous Spinetail 1 Song.mp3	153	song
516	recordings/1810 5 Rufous Spinetail 5 Call.mp3	153	call
517	recordings/1810 3 Rufous Spinetail 3 Song.mp3	153	song
518	recordings/1810 2 Rufous Spinetail 2 Call and song.mp3	153	call and song
519	recordings/1810 4 Rufous Spinetail 4 Song.mp3	153	song
520	recordings/1812 3 Rusty-headed Spinetail 3 Song.mp3	154	song
521	recordings/1812 2 Rusty-headed Spinetail 2 Song.mp3	154	song
522	recordings/1812 1 Rusty-headed Spinetail 1 Song.mp3	154	song
523	recordings/2061 2 White-throated Tyrannulet 2 Call.mp3	155	call
524	recordings/2061 1 White-throated Tyrannulet 1 Dawn song.mp3	155	dawn song
525	recordings/2062 3 White-throated Tyrannulet 3 Call.mp3	155	call
526	recordings/2061 4 White-throated Tyrannulet 4 Call.mp3	155	call
527	recordings/2061 5 White-throated Tyrannulet 5 Call.mp3	155	call
528	recordings/2078 4 Mouse-colored Tyrannulet 4 Call.mp3	156	call
529	recordings/2078 6 Mouse-colored Tyrannulet 6 Call.mp3	156	call
530	recordings/2078 1 Mouse-colored Tyrannulet 1 Song.mp3	156	song
531	recordings/2078 3 Mouse-colored Tyrannulet 3 Song.mp3	156	song
532	recordings/2078 5 Mouse-colored Tyrannulet 5 Call.mp3	156	call
533	recordings/2078 7 Mouse-colored Tyrannulet 7 Call.mp3	156	call
534	recordings/2078 2 Mouse-colored Tyrannulet 2 Song.mp3	156	song
535	recordings/2079 1 Yellow Tyrannulet 1 Song and call.mp3	157	song and call
536	recordings/2079 3 Yellow Tyrannulet 3 Call.mp3	157	call
537	recordings/2079 2 Yellow Tyrannulet 2 Song and call.mp3	157	song and call
538	recordings/2079 4 Yellow Tyrannulet 4 Call.mp3	157	call
539	recordings/2030 2 Forest Elaenia 2 Call.mp3	158	call
540	recordings/2030 1 Forest Elaenia 1 Call.mp3	158	call
541	recordings/2030 4 Forest Elaenia 4 Excited call.mp3	158	excited call
542	recordings/2030 3 Forest Elaenia 3 Excited call.mp3	158	excited call
543	recordings/2036 3 Yellow-bellied Elaenia 3 Song.mp3	159	song
544	recordings/2036 2 Yellow-bellied Elaenia 2 Song.mp3	159	song
545	recordings/2036 1 Yellow-bellied Elaenia 1 Dawn song.mp3	159	dawn song
546	recordings/2036 5 Yellow-bellied Elaenia 5 Song.mp3	159	song
547	recordings/2036 7 Yellow-bellied Elaenia 7 Call.mp3	159	call
548	recordings/2036 4 Yellow-bellied Elaenia 4 Song.mp3	159	song
549	recordings/2036 6 Yellow-bellied Elaenia 6 Call.mp3	159	call
550	recordings/2047 4 Lesser Elaenia 4 Call.mp3	160	call
551	recordings/2047 1 Lesser Elaenia 1 Dawnsong.mp3	160	dawnsong
552	recordings/2047 2 Lesser Elaenia 2 Song.mp3	160	song
553	recordings/2047 3 Lesser Elaenia 3 Song.mp3	160	song
554	recordings/2049 5 Mountain Elaenia 5 Call.mp3	161	call
555	recordings/2049 1 Mountain Elaenia 1 dawn song.mp3	161	dawn song
556	recordings/2049 6 Mountain Elaenia 6 Call.mp3	161	call
557	recordings/2049 4 Mountain Elaenia 4 Call.mp3	161	call
558	recordings/2049 3 Mountain Elaenia 3 Call.mp3	161	call
559	recordings/2049 2 Mountain Elaenia 2 Call.mp3	161	call
560	recordings/2052 2 Sierran Elaenia 2 Call.mp3	162	call
561	recordings/2052 4 Sierran Elaenia 4 Call.mp3	162	call
562	recordings/2052 1 Sierran Elaenia 1 Dawn song.mp3	162	dawn song
563	recordings/2052 5 Sierran Elaenia 5 Call.mp3	162	call
564	recordings/2052 3 Sierran Elaenia 3 Call.mp3	162	call
565	recordings/2128 1 Streak-necked Flycatcher 1 Song.mp3	163	song
566	recordings/2129 4 Olive-striped Flycatcher 4 Song.mp3	164	song
567	recordings/2129 2 Olive-striped Flycatcher 2 Song.mp3	164	song
568	recordings/2129 1 Olive-striped Flycatcher 1 Song.mp3	164	song
569	recordings/2129 3 Olive-striped Flycatcher 3 Song.mp3	164	song
570	recordings/2130 4 Ochre-bellied Flycatcher 4 Call.mp3	165	call
571	recordings/2130 3 Ochre-bellied Flycatcher 3 Song.mp3	165	song
572	recordings/2130 1 Ochre-bellied Flycatcher 1 Song.mp3	165	song
573	recordings/2130 2 Ochre-bellied Flycatcher 2 Song.mp3	165	song
574	recordings/2133 2 Sepia-capped Flycatcher 2 Dawn song.mp3	166	dawn song
575	recordings/2133 1 Sepia-capped Flycatcher 1 Dawn song.mp3	166	dawn song
576	recordings/2133 5 Sepia-capped Flycatcher 5 Song.mp3	166	song
577	recordings/2133 3 Sepia-capped Flycatcher 3 Song.mp3	166	song
578	recordings/2133 4 Sepia-capped Flycatcher 4 Song.mp3	166	song
579	recordings/2133 7 Sepia-capped Flycatcher 7 Call.mp3	166	call
580	recordings/2133 6 Sepia-capped Flycatcher 6 Call.mp3	166	call
581	recordings/2133 8 Sepia-capped Flycatcher 8 Call.mp3	166	call
582	recordings/2134 4 Slaty-capped Flycatcher 4 Call.mp3	167	call
583	recordings/2134 3 Slaty-capped Flycatcher 3 Call.mp3	167	call
584	recordings/2134 1 Slaty-capped Flycatcher 1 Call.mp3	167	call
585	recordings/2134 2 Slaty-capped Flycatcher 2 Call.mp3	167	call
586	recordings/2023 1 Sooty-headed Tyrannulet 1 Song.mp3	168	song
587	recordings/2023 4 Sooty-headed Tyrannulet 4 Song.mp3	168	song
588	recordings/2023 3 Sooty-headed Tyrannulet 3 Song.mp3	168	song
589	recordings/2023 2 Sooty-headed Tyrannulet 2 Duet.mp3	168	duet
590	recordings/2023 5 Sooty-headed Tyrannulet 5 Call.mp3	168	call
591	recordings/2024 2 Black-capped Tyrannulet 2 Song.mp3	169	song
592	recordings/2024 3 Black-capped Tyrannulet 3 Song.mp3	169	song
593	recordings/2024 1 Black-capped Tyrannulet 1 Song.mp3	169	song
594	recordings/2104 7 Golden-faced Tyrannulet 7 Call.mp3	171	call
595	recordings/2104 5 Golden-faced Tyrannulet 5 Call.mp3	171	call
596	recordings/2104 6 Golden-faced Tyrannulet 6 Call.mp3	171	call
597	recordings/2104 8 Golden-faced Tyrannulet 8 Call.mp3	171	call
598	recordings/2104 2 Golden-faced Tyrannulet 2 Song.mp3	171	song
599	recordings/2104 1 Golden-faced Tyrannulet 1 Song.mp3	171	song
600	recordings/2104 4 Golden-faced Tyrannulet 4 Song.mp3	171	song
601	recordings/2104 3 Golden-faced Tyrannulet 3 Song.mp3	171	song
602	recordings/2137 2 Northern Scrub-Flycatcher 2 Call.mp3	172	call
603	recordings/2137 3 Northern Scrub-Flycatcher 3 Call.mp3	172	call
604	recordings/2137 4 Northern Scrub-Flycatcher 4 Call.mp3	172	call
605	recordings/2137 1 Northern Scrub-Flycatcher 1 Call.mp3	172	call
606	recordings/2140 1 Slender-billed Tyrannulet 1 Song.mp3	173	song
607	recordings/2140 4 Slender-billed Tyrannulet 4 Song.mp3	173	song
608	recordings/2140 3 Slender-billed Tyrannulet 3 Song.mp3	173	song
609	recordings/2140 2 Slender-billed Tyrannulet 2 Song.mp3	173	song
610	recordings/2092 6 Tawny-crowned Pygmy-Tyrant 6 Call.mp3	174	call
611	recordings/2092 4 Tawny-crowned Pygmy-Tyrant 4 Song.mp3	174	song
612	recordings/2092 2 Tawny-crowned Pygmy-Tyrant 2 Song.mp3	174	song
613	recordings/2092 3 Tawny-crowned Pygmy-Tyrant 3 Song.mp3	174	song
614	recordings/2092 5 Tawny-crowned Pygmy-Tyrant 5 Call.mp3	174	call
615	recordings/2092 1 Tawny-crowned Pygmy-Tyrant 1 Song.mp3	174	song
616	recordings/2157 4 Pale-eyed Pygmy-Tyrant 4 Song.mp3	175	song
617	recordings/2157 6 Pale-eyed Pygmy-Tyrant 6 Calls.mp3	175	calls
618	recordings/2157 1 Pale-eyed Pygmy-Tyrant 1 Song.mp3	175	song
619	recordings/2157 2 Pale-eyed Pygmy-Tyrant 2 Song.mp3	175	song
620	recordings/2157 5 Pale-eyed Pygmy-Tyrant 5 Call and song.mp3	175	call and song
621	recordings/2157 3 Pale-eyed Pygmy-Tyrant 3 Song.mp3	175	song
622	recordings/2173 2 Black-throated Tody-Tyrant 2 Song.mp3	176	song
623	recordings/2173 3 Black-throated Tody-Tyrant 3 Song.mp3	176	song
624	recordings/2173 4 Black-throated Tody-Tyrant 4 Call.mp3	176	call
625	recordings/2173 1 Black-throated Tody-Tyrant 1 Song.mp3	176	song
626	recordings/2194 2 Common Tody-Flycatcher 2 Song.mp3	178	song
627	recordings/2194 8 Common Tody-Flycatcher 8 Call.mp3	178	call
628	recordings/2194 3 Common Tody-Flycatcher 3 Song.mp3	178	song
629	recordings/2194 6 Common Tody-Flycatcher 6 Call.mp3	178	call
630	recordings/2194 4 Common Tody-Flycatcher 4 Song.mp3	178	song
631	recordings/2194 7 Common Tody-Flycatcher 7 Call.mp3	178	call
632	recordings/2194 5 Common Tody-Flycatcher 5 Song.mp3	178	song
633	recordings/2194 1 Common Tody-Flycatcher 1 Song and call.mp3	178	song and call
634	recordings/2205 4 Yellow-olive Flycatcher 4 Song.mp3	179	song
635	recordings/2205 3 Yellow-olive Flycatcher 3 Song.mp3	179	song
636	recordings/2205 1 Yellow-olive Flycatcher 1 Song.mp3	179	song
637	recordings/2205 5 Yellow-olive Flycatcher 5 Song.mp3	179	song
638	recordings/2205 2 Yellow-olive Flycatcher 2 Song.mp3	179	song
639	recordings/2205 6 Yellow-olive Flycatcher 6 Song S.mp3	179	song s
640	recordings/2205 7 Yellow-olive Flycatcher 7 Call.mp3	179	call
641	recordings/2209 1 Yellow-breasted Flycatcher 1 Song.mp3	180	song
642	recordings/2209 3 Yellow-breasted Flycatcher 3 Song.mp3	180	song
643	recordings/2209 2 Yellow-breasted Flycatcher 2 Song.mp3	180	song
644	recordings/2209 5 Yellow-breasted Flycatcher 5 Dry call.mp3	180	dry call
645	recordings/2209 4 Yellow-breasted Flycatcher 4 Song.mp3	180	song
646	recordings/2211 1 White-throated Spadebill 1 Song.mp3	181	song
647	recordings/2211 6 White-throated Spadebill 6 Call.mp3	181	call
648	recordings/2211 4 White-throated Spadebill 4 Call.mp3	181	call
649	recordings/2211 2 White-throated Spadebill 2 Song.mp3	181	song
650	recordings/2211 3 White-throated Spadebill 3 Call.mp3	181	call
651	recordings/2211 5 White-throated Spadebill 5 Call.mp3	181	call
652	recordings/2228 1 Cinnamon Flycatcher 1 Song.mp3	183	song
653	recordings/2228 4 Cinnamon Flycatcher 4 Song.mp3	183	song
654	recordings/2228 3 Cinnamon Flycatcher 3 Song.mp3	183	song
655	recordings/2228 2 Cinnamon Flycatcher 2 Song.mp3	183	song
656	recordings/2228 5 Cinnamon Flycatcher 5 Song and call.mp3	183	song and call
657	recordings/2222 1 Bran-colored Flycatcher 1 Song.mp3	184	song
658	recordings/2222 3 Bran-colored Flycatcher 3 Call.mp3	184	call
659	recordings/2222 4 Bran-colored Flycatcher 4 Call.mp3	184	call
660	recordings/2222 2 Bran-colored Flycatcher 2 Call.mp3	184	call
661	recordings/2222 5 Bran-colored Flycatcher 5 Call.mp3	184	call
662	recordings/2233 1 Euler's Flycatcher 1 Song.mp3	185	song
663	recordings/2233 7 Euler's Flycatcher 7 Interaction calls.mp3	185	interaction calls
664	recordings/2233 5 Euler's Flycatcher 5 Call.mp3	185	call
665	recordings/2233 3 Euler's Flycatcher 3 Call.mp3	185	call
666	recordings/2233 2 Euler's Flycatcher 2 Call.mp3	185	call
667	recordings/2233 4 Euler's Flycatcher 4 Call.mp3	185	call
668	recordings/2233 6 Euler's Flycatcher 6 Call.mp3	185	call
669	recordings/2235 3 Black-billed Flycatcher 3 Call.mp3	186	call
670	recordings/2235 1 Black-billed Flycatcher 1 Dawnsong.mp3	186	dawnsong
671	recordings/2235 2 Black-billed Flycatcher 2 Call.mp3	186	call
672	recordings/2241 5 Smoke-colored Pewee 5 Call.mp3	188	call
673	recordings/2241 4 Smoke-colored Pewee 4 Call.mp3	188	call
674	recordings/2241 6 Smoke-colored Pewee 6 Call.mp3	188	call
675	recordings/2241 3 Smoke-colored Pewee 3 Call.mp3	188	call
676	recordings/2241 2 Smoke-colored Pewee 2 Song.mp3	188	song
677	recordings/2241 1 Smoke-colored Pewee 1 Song.mp3	188	song
678	recordings/2243 1 Eastern Wood-Pewee 1 Song.mp3	190	song
679	recordings/2243 3 Eastern Wood-Pewee 3 Call.mp3	190	call
680	recordings/2243 2 Eastern Wood-Pewee 2 Call.mp3	190	call
681	recordings/2244 3 Tropical Pewee 3 Call.mp3	191	call
682	recordings/2244 1 Tropical Pewee 1 Song.mp3	191	song
683	recordings/2244 2 Tropical Pewee 2 Call.mp3	191	call
684	recordings/2236 2 Fuscous Flycatcher 2 Call.mp3	192	call
685	recordings/2236 4 Fuscous Flycatcher 4 Call.mp3	192	call
686	recordings/2236 5 Fuscous Flycatcher 5 Call.mp3	192	call
687	recordings/2236 3 Fuscous Flycatcher 3 Call.mp3	192	call
688	recordings/2236 6 Fuscous Flycatcher 6 Song duidae.mp3	192	song duidae
689	recordings/2236 7 Fuscous Flycatcher 7 Call duidae.mp3	192	call duidae
690	recordings/2236 1 Fuscous Flycatcher 1 Song.mp3	192	song
691	recordings/2249 3 Black Phoebe 3 Song.mp3	194	song
692	recordings/2249 1 Black Phoebe 1 Song.mp3	194	song
693	recordings/2249 2 Black Phoebe 2 Song.mp3	194	song
694	recordings/2292 1 Streak-throated Bush-Tyrant 1 Song.mp3	195	song
695	recordings/2292 2 Streak-throated Bush-Tyrant 2 Call.mp3	195	call
696	recordings/2292 4 Streak-throated Bush-Tyrant 4 Call.mp3	195	call
697	recordings/2292 5 Streak-throated Bush-Tyrant 5 Call.mp3	195	call
698	recordings/2292 6 Streak-throated Bush Tyrant 6 Call.mp3	195	call
699	recordings/2292 3 Streak-throated Bush-Tyrant 3 Call.mp3	195	call
700	recordings/2293 2 Santa Marta Bush-Tyrant 2 Call.mp3	196	call
701	recordings/2293 3 Santa Marta Bush-Tyrant 3 Call.mp3	196	call
702	recordings/2293 1 Santa Marta Bush-Tyrant 1 Call.mp3	196	call
703	recordings/2311 2 Yellow-bellied Chat-Tyrant 2 Song ().mp3	197	song ()
704	recordings/2311 1 Yellow-bellied Chat-Tyrant 1 Song.mp3	197	song
705	recordings/2321 1 Cattle Tyrant 1 Song.mp3	198	song
706	recordings/2375 3 Bright-rumped Attila 3 Call.mp3	199	call
707	recordings/2375 1 Bright-rumped Attila 1 Song.mp3	199	song
708	recordings/2375 2 Bright-rumped Attila 2 Subsong.mp3	199	subsong
709	recordings/2355 1 Dusky-capped Flycatcher 1 Call.mp3	200	call
710	recordings/2355 3 Dusky-capped Flycatcher 3 Call.mp3	200	call
711	recordings/2355 2 Dusky-capped Flycatcher 2 Call.mp3	200	call
712	recordings/2357 2 Venezuelan Flycatcher 2 Call.mp3	201	call
713	recordings/2357 1 Venezuelan Flycatcher 1 Call.mp3	201	call
714	recordings/2357 3 Venezuelan Flycatcher 3 Call.mp3	201	call
715	recordings/2362 4 Pale-edged Flycatcher 4 Call.mp3	202	call
716	recordings/2362 3 Pale-edged Flycatcher 3 Call.mp3	202	call
717	recordings/2362 2 Pale-edged Flycatcher 2 Song.mp3	202	song
718	recordings/2362 6 Pale-edged Flycatcher 6 Call.mp3	202	call
719	recordings/2362 5 Pale-edged Flycatcher 5 Call.mp3	202	call
720	recordings/2362 1 Pale-edged Flycatcher 1 Song.mp3	202	song
721	recordings/2364 6 Brown-crested Flycatcher 6 Call.mp3	204	call
722	recordings/2364 2 Brown-crested Flycatcher 2 Dawn song.mp3	204	dawn song
723	recordings/2364 4 Brown-crested Flycatcher 4 Call.mp3	204	call
724	recordings/2364 1 Brown-crested Flycatcher 1 Dawn song.mp3	204	dawn song
725	recordings/2364 8 Brown-crested Flycatcher 8 Excited calls.mp3	204	excited calls
726	recordings/2364 3 Brown-crested Flycatcher 3 Call.mp3	204	call
727	recordings/2364 7 Brown-crested Flycatcher 7 Excited calls.mp3	204	excited calls
728	recordings/2364 5 Brown-crested Flycatcher 5 Call.mp3	204	call
729	recordings/2329 4 Lesser Kiskadee 4 Call.mp3	205	call
730	recordings/2329 2 Lesser Kiskadee 2 Call.mp3	205	call
731	recordings/2329 1 Lesser Kiskadee 1 Call.mp3	205	call
732	recordings/2329 3 Lesser Kiskadee 3 Call.mp3	205	call
733	recordings/2328 4 Great Kiskadee 4 Call.mp3	206	call
734	recordings/2328 3 Great Kiskadee 3 Call.mp3	206	call
735	recordings/2328 2 Great Kiskadee 2 Call.mp3	206	call
736	recordings/2328 1 Great Kiskadee 1 Call.mp3	206	call
737	recordings/2338 6 Boat-billed Flycatcher 6 Call.mp3	207	call
738	recordings/2338 3 Boat-billed Flycatcher 3 Call.mp3	207	call
739	recordings/2338 1 Boat-billed Flycatcher 1 Dawn song.mp3	207	dawn song
740	recordings/2338 2 Boat-billed Flycatcher 2 Song.mp3	207	song
741	recordings/2338 4 Boat-billed Flycatcher 4 Call.mp3	207	call
742	recordings/2338 5 Boat-billed Flycatcher 5 Call.mp3	207	call
743	recordings/2323 2 Rusty-margined Flycatcher 2 Call.mp3	208	call
744	recordings/2323 3 Rusty-margined Flycatcher 3 Call.mp3	208	call
745	recordings/2323 4 Rusty-margined Flycatcher 4 Agitated call.mp3	208	agitated call
746	recordings/2323 1 Rusty-margined Flycatcher 1 Calls.mp3	208	calls
747	recordings/2324 1 Social Flycatcher 1 Call.mp3	209	call
748	recordings/2324 2 Social Flycatcher 2 Call.mp3	209	call
749	recordings/2334 6 Golden-crowned Flycatcher 6 Call.mp3	210	call
750	recordings/2334 2 Golden-crowned Flycatcher 2 Call.mp3	210	call
751	recordings/2334 3 Golden-crowned Flycatcher 3 Call.mp3	210	call
752	recordings/2334 4 Golden-crowned Flycatcher 4 Call.mp3	210	call
753	recordings/2334 1 Golden-crowned Flycatcher 1 Call.mp3	210	call
754	recordings/2334 5 Golden-crowned Flycatcher 5 Call.mp3	210	call
755	recordings/2337 2 Streaked Flycatcher 2 Song.mp3	211	song
756	recordings/2337 1 Streaked Flycatcher 1 Song.mp3	211	song
757	recordings/2337 7 Streaked Flycatcher 7 Call.mp3	211	call
758	recordings/2337 5 Streaked Flycatcher 5 Call.mp3	211	call
759	recordings/2337 3 Streaked Flycatcher 3 Call.mp3	211	call
760	recordings/2337 6 Streaked Flycatcher 6 Call.mp3	211	call
761	recordings/2337 4 Streaked Flycatcher 4 Call.mp3	211	call
762	recordings/2322 2 Piratic Flycatcher 2 Song.mp3	212	song
763	recordings/2322 3 Piratic Flycatcher 3 Song.mp3	212	song
764	recordings/2322 1 Piratic Flycatcher 1 Song.mp3	212	song
765	recordings/2344 9 Tropical Kingbird 9 Call.mp3	213	call
766	recordings/2344 1 Tropical Kingbird 1 Song.mp3	213	song
767	recordings/2344 6 Tropical Kingbird 6 Short Song.mp3	213	short song
768	recordings/2344 4 Tropical Kingbird 4 Short Song.mp3	213	short song
769	recordings/2344 7 Tropical Kingbird 7 Call.mp3	213	call
770	recordings/2344 2 Tropical Kingbird 2 Song.mp3	213	song
771	recordings/2344 8 Tropical Kingbird 8 Call.mp3	213	call
772	recordings/2344 3 Tropical Kingbird 3 Short Song.mp3	213	short song
773	recordings/2344 5 Tropical Kingbird 5 Short Song.mp3	213	short song
774	recordings/2345 1 Fork-tailed Flycatcher 1 Call.mp3	214	call
775	recordings/2382 3 Golden-breasted Fruiteater 3 Song.mp3	215	song
776	recordings/2382 2 Golden-breasted Fruiteater 2 Song.mp3	215	song
777	recordings/2382 5 Golden-breasted Fruiteater 5 Call.mp3	215	call
778	recordings/2382 4 Golden-breasted Fruiteater 4 Call.mp3	215	call
779	recordings/2382 1 Golden-breasted Fruiteater 1 Song.mp3	215	song
780	recordings/2461 5 Lance-tailed Manakin 5 Song.mp3	216	song
781	recordings/2461 3 Lance-tailed Manakin 3 Song.mp3	216	song
782	recordings/2461 1 Lance-tailed Manakin 1 Song.mp3	216	song
783	recordings/2461 2 Lance-tailed Manakin 2 Song.mp3	216	song
784	recordings/2461 4 Lance-tailed Manakin 4 Song.mp3	216	song
785	recordings/2458 7 White-bearded Manakin 7 Wing snapping.mp3	217	wing snapping
786	recordings/2458 5 White-bearded Manakin 5 Call.mp3	217	call
787	recordings/2458 2 White-bearded Manakin 2 Display.mp3	217	display
788	recordings/2458 6 White-bearded Manakin 6 Call.mp3	217	call
789	recordings/2458 3 White-bearded Manakin 3 Display.mp3	217	display
790	recordings/2458 1 White-bearded Manakin 1 Display.mp3	217	display
791	recordings/2458 4 White-bearded Manakin 4 Call.mp3	217	call
792	recordings/2458 8 White-bearded Manakin 8 Wing snapping and calls.mp3	217	wing snapping and calls
793	recordings/2479 4 Golden-headed Manakin 4 Call.mp3	218	call
794	recordings/2479 2 Golden-headed Manakin 2 Song.mp3	218	song
795	recordings/2479 6 Golden-headed Manakin 6 Call.mp3	218	call
796	recordings/2479 3 Golden-headed Manakin 3 Song.mp3	218	song
797	recordings/2479 5 Golden-headed Manakin 5 Call.mp3	218	call
798	recordings/2479 7 Golden-headed Manakin 7 Call.mp3	218	call
799	recordings/2479 1 Golden-headed Manakin 1 Song.mp3	218	song
800	recordings/2482 2 Black-crowned Tityra 2 Call.mp3	219	call
801	recordings/2482 1 Black-crowned Tityra 1 Call.mp3	219	call
802	recordings/2484 1 Masked Tityra 1 Song.mp3	220	song
803	recordings/2484 2 Masked Tityra 2 Song.mp3	220	song
804	recordings/2496 3 Barred Becard 3 Song.mp3	222	song
805	recordings/2496 2 Barred Becard 2 Song.mp3	222	song
806	recordings/2496 1 Barred Becard 1 Song.mp3	222	song
807	recordings/2498 4 Cinereous Becard 4 Call.mp3	223	call
808	recordings/2498 2 Cinereous Becard 2 Song.mp3	223	song
809	recordings/2498 1 Cinereous Becard 1 Song.mp3	223	song
810	recordings/2498 3 Cinereous Becard 3 Call.mp3	223	call
811	recordings/2499 5 Cinnamon Becard 5 Call.mp3	224	call
812	recordings/2499 6 Cinnamon Becard 6 song and call.mp3	224	song and call
813	recordings/2499 7 Cinnamon Becard 7 Call.mp3	224	call
814	recordings/2499 3 Cinnamon Becard 3 song.mp3	224	song
815	recordings/2499 1 Cinnamon Becard 1 Song.mp3	224	song
816	recordings/2499 2 Cinnamon Becard 2 Song.mp3	224	song
817	recordings/2499 4 Cinnamon Becard 4 Song.mp3	224	song
818	recordings/2502 3 Black-and-white Becard 3 Song.mp3	225	song
819	recordings/2502 2 Black-and-white Becard 2 Song.mp3	225	song
820	recordings/2502 1 Black-and-white Becard 1 Song.mp3	225	song
821	recordings/2512 1 Rufous-browed Peppershrike 1 Song.mp3	226	song
822	recordings/2512 3 Rufous-browed Peppershrike 3 Song.mp3	226	song
823	recordings/2512 2 Rufous-browed Peppershrike 2 Song.mp3	226	song
824	recordings/2512 7 Rufous-browed Peppershrike 7 Call.mp3	226	call
825	recordings/2512 6 Rufous-browed Peppershrike 6 Call.mp3	226	call
826	recordings/2512 4 Rufous-browed Peppershrike 4 Song.mp3	226	song
827	recordings/2512 5 Rufous-browed Peppershrike 5 Song.mp3	226	song
828	recordings/2535 2 Scrub Greenlet 2 Song.mp3	227	song
829	recordings/2535 1 Scrub Greenlet 1 Song.mp3	227	song
830	recordings/2535 5 Scrub Greenlet 5 Song.mp3	227	song
831	recordings/2535 4 Scrub Greenlet 4 Song.mp3	227	song
832	recordings/2535 3 Scrub Greenlet 3 Song.mp3	227	song
833	recordings/2532 4 Golden-fronted Greenlet 4 Call.mp3	228	call
834	recordings/2532 1 Golden-fronted Greenlet 1 Song.mp3	228	song
835	recordings/2532 3 Golden-fronted Greenlet 3 Song.mp3	228	song
836	recordings/2532 2 Golden-fronted Greenlet 2 Song.mp3	228	song
837	recordings/2518 1 Brown-capped Vireo 1 Song.mp3	229	song
838	recordings/2518 2 Brown-capped Vireo 2 Song.mp3	229	song
839	recordings/2518 5 Brown-capped Vireo 5 Call.mp3	229	call
840	recordings/2518 3 Brown-capped Vireo 3 Call.mp3	229	call
841	recordings/2518 6 Brown-capped Vireo 6 Call.mp3	229	call
842	recordings/2518 4 Brown-capped Vireo 4 Call.mp3	229	call
843	recordings/2522 1 Yellow-green Vireo 1 Song.mp3	231	song
844	recordings/2522 2 Yellow-green Vireo 2 Song.mp3	231	song
845	recordings/2547 4 Black-chested Jay 4 Call.mp3	232	call
846	recordings/2547 2 Black-chested Jay 2 Call.mp3	232	call
847	recordings/2547 3 Black-chested Jay 3 Calls.mp3	232	calls
848	recordings/2547 1 Black-chested Jay 1 Call.mp3	232	call
849	recordings/2555 3 Blue-and-white Swallow 3 Call.mp3	233	call
850	recordings/2555 1 Blue-and-white Swallow 1 Song and call.mp3	233	song and call
851	recordings/2555 4 Blue-and-white Swallow 4 Call.mp3	233	call
852	recordings/2555 2 Blue-and-white Swallow 2 Song.mp3	233	song
853	recordings/2563 3 Southern Rough-winged Swallow 3 Call.mp3	234	call
854	recordings/2563 4 Southern Rough-winged Swallow 4 Call.mp3	234	call
855	recordings/2563 1 Southern Rough-winged Swallow 1 Call.mp3	234	call
856	recordings/2563 2 Southern Rough-winged Swallow 2 Call.mp3	234	call
857	recordings/2564 2 Brown-chested Martin 2 Call flight.mp3	235	call flight
858	recordings/2564 1 Brown-chested Martin 1 Song.mp3	235	song
859	recordings/2574 2 White-winged Swallow 2 Call.mp3	236	call
860	recordings/2574 1 White-winged Swallow 1 Call.mp3	236	call
861	recordings/2582 3 Scaly-breasted Wren 3 Song.mp3	238	song
862	recordings/2582 4 Scaly-breasted Wren 4 Song.mp3	238	song
863	recordings/2582 1 Scaly-breasted Wren 1 Song.mp3	238	song
864	recordings/2582 2 Scaly-breasted Wren 2 Song.mp3	238	song
865	recordings/2587 4 House Wren 4 Song.mp3	239	song
866	recordings/2587 6 House Wren 6 Call.mp3	239	call
867	recordings/2587 1 House Wren 1 Song.mp3	239	song
868	recordings/2587 2 House Wren 2 Song.mp3	239	song
869	recordings/2587 3 House Wren 3 Song.mp3	239	song
870	recordings/2587 5 House Wren 5 Song.mp3	239	song
871	recordings/2587 7 House Wren 7 Call.mp3	239	call
872	recordings/2588 4 Mountain Wren 4 Call.mp3	240	call
873	recordings/2588 1 Mountain Wren 1 Song.mp3	240	song
874	recordings/2588 2 Mountain Wren 2 Song.mp3	240	song
875	recordings/2588 5 Mountain Wren 5 Call.mp3	240	call
876	recordings/2588 6 Mountain Wren 6 Call.mp3	240	call
877	recordings/2588 3 Mountain Wren 3 Call.mp3	240	call
878	recordings/2598 3 Bicolored Wren 3 Song.mp3	241	song
879	recordings/2598 5 Bicolored Wren 5 Call.mp3	241	call
880	recordings/2598 4 Bicolored Wren 4 Call.mp3	241	call
881	recordings/2598 1 Bicolored Wren 1 Song.mp3	241	song
882	recordings/2598 2 Bicolored Wren 2 Song.mp3	241	song
883	recordings/2607 8 Rufous-breasted Wren 8 Call and song.mp3	242	call and song
884	recordings/2607 2 Rufous-breasted Wren 2 Song.mp3	242	song
885	recordings/2607 4 Rufous-breasted Wren 4 Song.mp3	242	song
886	recordings/2607 7 Rufous-breasted Wren 7 Call.mp3	242	call
887	recordings/2607 6 Rufous-breasted Wren 6 Call.mp3	242	call
888	recordings/2607 5 Rufous-breasted Wren 5 Song.mp3	242	song
889	recordings/2607 3 Rufous-breasted Wren 3 Song.mp3	242	song
890	recordings/2607 1 Rufous-breasted Wren 1 Song.mp3	242	song
891	recordings/2609 2 Rufous-and-white Wren 2 Song.mp3	243	song
892	recordings/2609 5 Rufous-and-white Wren 5 Song.mp3	243	song
893	recordings/2609 7 Rufous-and-white Wren 7 Frog call.mp3	243	frog call
894	recordings/2609 6 Rufous-and-white Wren 6 Call.mp3	243	call
895	recordings/2609 4 Rufous-and-white Wren 4 Song.mp3	243	song
896	recordings/2609 3 Rufous-and-white Wren 3 Song.mp3	243	song
897	recordings/2609 1 Rufous-and-white Wren 1 Song.mp3	243	song
898	recordings/2612 4 Bay Wren 4 call.mp3	244	call
899	recordings/2612 2 Bay Wren 2 short song.mp3	244	short song
900	recordings/2612 1 Bay Wren 1 song.mp3	244	song
901	recordings/2612 3 Bay Wren 3 call.mp3	244	call
902	recordings/2614 3 Buff-breasted Wren 3 Short song.mp3	245	short song
903	recordings/2614 7 Buff-breasted Wren 7 Call.mp3	245	call
904	recordings/2614 5 Buff-breasted Wren 5 Scolding call and song.mp3	245	scolding call and song
905	recordings/2614 2 Buff-breasted Wren 2 Short song.mp3	245	short song
906	recordings/2614 1 Buff-breasted Wren 1 Song.mp3	245	song
907	recordings/2614 9 Buff-breasted Wren 9 Call.mp3	245	call
908	recordings/2614 4 Buff-breasted Wren 4 Short song.mp3	245	short song
909	recordings/2614 8 Buff-breasted Wren 8 Call.mp3	245	call
910	recordings/2614 6 Buff-breasted Wren 6 Scolding call.mp3	245	scolding call
911	recordings/2624 2 Gray-breasted Wood-Wren 2 Song.mp3	246	song
912	recordings/2624 5 Gray-breasted Wood-Wren 5 Song.mp3	246	song
913	recordings/2624 3 Gray-breasted Wood-Wren 3 Song.mp3	246	song
914	recordings/2624 4 Gray-breasted Wood-Wren 4 Song.mp3	246	song
915	recordings/2624 1 Gray-breasted Wood-Wren 1 Song.mp3	246	song
916	recordings/2624 9 Gray-breasted Wood-Wren 9 Call.mp3	246	call
917	recordings/2624 7 Gray-breasted Wood-Wren 7 Call.mp3	246	call
918	recordings/2624 8 Gray-breasted Wood-Wren 8 Call.mp3	246	call
919	recordings/2624 6 Gray-breasted Wood-Wren 6 Call.mp3	246	call
920	recordings/2631 3 Long-billed Gnatwren 3 Song E.mp3	247	song e
921	recordings/2631 5 Long-billed Gnatwren 5 Song W.mp3	247	song w
922	recordings/2631 8 Long-billed Gnatwren 8 Call.mp3	247	call
923	recordings/2631 1 Long-billed Gnatwren 1 Song E.mp3	247	song e
924	recordings/2631 6 Long-billed Gnatwren 6 Song W.mp3	247	song w
925	recordings/2631 7 Long-billed Gnatwren 7 Call and song.mp3	247	call and song
926	recordings/2631 4 Long-billed Gnatwren 4 Song E.mp3	247	song e
927	recordings/2631 2 Long-billed Gnatwren 2 Song E.mp3	247	song e
928	recordings/2632 5 Tropical Gnatcatcher 5 Song.mp3	248	song
929	recordings/2632 3 Tropical Gnatcatcher 3 Song.mp3	248	song
930	recordings/2632 1 Tropical Gnatcatcher 1 Song.mp3	248	song
931	recordings/2632 6 Tropical Gnatcatcher 6 Call.mp3	248	call
932	recordings/2632 7 Tropical Gnatcatcher 7 Call.mp3	248	call
933	recordings/2632 2 Tropical Gnatcatcher 2 Song.mp3	248	song
934	recordings/2632 4 Tropical Gnatcatcher 4 Song.mp3	248	song
935	recordings/2644 3 Orange-billed Nightingale-Thrush 3 Song.mp3	249	song
936	recordings/2644 5 Orange-billed Nightingale-Thrush 5 Song.mp3	249	song
937	recordings/2644 1 Orange-billed Nightingale-Thrush 1 Song.mp3	249	song
938	recordings/2644 4 Orange-billed Nightingale-Thrush 4 Song.mp3	249	song
939	recordings/2644 2 Orange-billed Nightingale-Thrush 2 Song.mp3	249	song
940	recordings/2644 6 Orange-billed Nightingale-Thrush 6 Song.mp3	249	song
941	recordings/2645 2 Slaty-backed Nightingale-Thrush 2 Song.mp3	250	song
942	recordings/2645 6 Slaty-backed Nightingale-Thrush 6 Song.mp3	250	song
943	recordings/2645 3 Slaty-backed Nightingale-Thrush 3 Song.mp3	250	song
944	recordings/2645 8 Slaty-backed Nightingale-Thrush 8 Call.mp3	250	call
945	recordings/2645 4 Slaty-backed Nightingale-Thrush 4 Song.mp3	250	song
946	recordings/2645 9 Slaty-backed Nightingale-Thrush 9 Call.mp3	250	call
947	recordings/2645 7 Slaty-backed Nightingale-Thrush 7 Call.mp3	250	call
948	recordings/2645 1 Slaty-backed Nightingale-Thrush 1 Song.mp3	250	song
949	recordings/2645 5 Slaty-backed Nightingale-Thrush 5 Song.mp3	250	song
950	recordings/2658 2 Pale-breasted Thrush 2 Song.mp3	254	song
951	recordings/2658 3 Pale-breasted Thrush 3 Call.mp3	254	call
952	recordings/2658 7 Pale-breasted Thrush 7 Call.mp3	254	call
953	recordings/2658 5 Pale-breasted Thrush 5 Call.mp3	254	call
954	recordings/2658 4 Pale-breasted Thrush 4 Call.mp3	254	call
955	recordings/2658 6 Pale-breasted Thrush 6 Call.mp3	254	call
956	recordings/2658 1 Pale-breasted Thrush 1 Song.mp3	254	song
957	recordings/2657 2 Yellow-legged Thrush 2 Song.mp3	255	song
958	recordings/2657 4 Yellow-legged Thrush 4 Song and subsong.mp3	255	song and subsong
959	recordings/2657 7 Yellow-legged Thrush 7 Call.mp3	255	call
960	recordings/2657 6 Yellow-legged Thrush 6 Call.mp3	255	call
961	recordings/2657 5 Yellow-legged Thrush 5 Song.mp3	255	song
962	recordings/2657 3 Yellow-legged Thrush 3 Song.mp3	255	song
963	recordings/2657 1 Yellow-legged Thrush 1 Song.mp3	255	song
964	recordings/2661 2 Pale-vented Thrush 2 Song.mp3	256	song
965	recordings/2661 1 Pale-vented Thrush 1 Song.mp3	256	song
966	recordings/2661 4 Pale-vented Thrush 4 Call.mp3	256	call
967	recordings/2661 6 Pale-vented Thrush 6 call.mp3	256	call
968	recordings/2661 5 Pale-vented Thrush 5 call.mp3	256	call
969	recordings/2678 3 White-necked Thrush 3 Call.mp3	257	call
970	recordings/2678 4 White-necked Thrush 4 Call.mp3	257	call
971	recordings/2678 1 White-necked Thrush 1 Song.mp3	257	song
972	recordings/2678 2 White-necked Thrush 2 Song.mp3	257	song
973	recordings/2669 2 Black-billed Thrush 2 Song.mp3	258	song
974	recordings/2669 1 Black-billed Thrush 1 Song.mp3	258	song
975	recordings/2669 3 Black-billed Thrush 3 Call.mp3	258	call
976	recordings/2672 4 Black-hooded Thrush 4 Call.mp3	259	call
977	recordings/2672 1 Black-hooded Thrush 1 Song.mp3	259	song
978	recordings/2672 3 Black-hooded Thrush 3 Song.mp3	259	song
979	recordings/2672 2 Black-hooded Thrush 2 Song.mp3	259	song
980	recordings/2674 3 Great Thrush 3 Call.mp3	260	call
981	recordings/2674 2 Great Thrush 2 Song.mp3	260	song
982	recordings/2674 4 Great Thrush 4 Call.mp3	260	call
983	recordings/2674 5 Great Thrush 5 Call flight.mp3	260	call flight
984	recordings/2674 1 Great Thrush 1 Song.mp3	260	song
985	recordings/2674 6 Great Thrush 6 Call flight.mp3	260	call flight
986	recordings/2676 3 Glossy-black Thrush 3 Song.mp3	261	song
987	recordings/2676 1 Glossy-black Thrush 1 Song.mp3	261	song
988	recordings/2676 2 Glossy-black Thrush 2 Song.mp3	261	song
989	recordings/3301 2 Blue-naped Chlorophonia 2 Call.mp3	262	call
990	recordings/3301 1 Blue-naped Chlorophonia 1 Call.mp3	262	call
991	recordings/3301 3 Blue-naped Chlorophonia 3 Call.mp3	262	call
992	recordings/3284 4 Trinidad Euphonia 4 Call.mp3	263	call
993	recordings/3284 2 Trinidad Euphonia 2 Call.mp3	263	call
994	recordings/3284 1 Trinidad Euphonia 1 Song.mp3	263	song
995	recordings/3284 3 Trinidad Euphonia 3 Call.mp3	263	call
996	recordings/3284 5 Trinidad Euphonia 5 Call.mp3	263	call
997	recordings/3289 1 Thick-billed Euphonia 1 Song.mp3	264	song
998	recordings/3289 2 Thick-billed Euphonia 2 Song.mp3	264	song
999	recordings/3289 3 Thick-billed Euphonia 3 Call.mp3	264	call
1000	recordings/3281 2 Lesser Goldfinch 2 Song.mp3	265	song
1001	recordings/3281 4 Lesser Goldfinch 4 Call.mp3	265	call
1002	recordings/3281 5 Lesser Goldfinch 5 Call.mp3	265	call
1003	recordings/3281 1 Lesser Goldfinch 1 Song.mp3	265	song
1004	recordings/3281 3 Lesser Goldfinch 3 Song.mp3	265	song
1005	recordings/3270 2 Andean Siskin 2 Song.mp3	266	song
1006	recordings/3270 1 Andean Siskin 1 Song.mp3	266	song
1007	recordings/2902 8 Rosy Thrush-Tanager 8 Call.mp3	268	call
1008	recordings/2902 3 Rosy Thrush-Tanager 3 Song.mp3	268	song
1009	recordings/2902 6 Rosy Thrush-Tanager 6 Song.mp3	268	song
1010	recordings/2902 4 Rosy Thrush-Tanager 4 Song.mp3	268	song
1011	recordings/2902 1 Rosy Thrush-Tanager 1 Song.mp3	268	song
1012	recordings/2902 2 Rosy Thrush-Tanager 2 Song.mp3	268	song
1013	recordings/2902 7 Rosy Thrush-Tanager 7 Song.mp3	268	song
1014	recordings/2902 5 Rosy Thrush-Tanager 5 Song.mp3	268	song
1015	recordings/3048 1 Black-striped Sparrow 1 Song.mp3	269	song
1016	recordings/3048 5 Black-striped Sparrow 5 Call.mp3	269	call
1017	recordings/3048 3 Black-striped Sparrow 3 Song.mp3	269	song
1018	recordings/3048 4 Black-striped Sparrow 4 Song.mp3	269	song
1019	recordings/3048 6 Black-striped Sparrow 6 Call.mp3	269	call
1020	recordings/3048 2 Black-striped Sparrow 2 Song.mp3	269	song
1021	recordings/3054 2 Golden-winged Sparrow 2 Call.mp3	271	call
1022	recordings/3054 1 Golden-winged Sparrow 1 Song.mp3	271	song
1023	recordings/3054 3 Golden-winged Sparrow 3 Call.mp3	271	call
1024	recordings/3054 4 Golden-winged Sparrow 4 Call.mp3	271	call
1025	recordings/2938 2 Rufous-collared Sparrow 2 Song.mp3	272	song
1026	recordings/2938 1 Rufous-collared Sparrow 1 Song.mp3	272	song
1027	recordings/2938 3 Rufous-collared Sparrow 3 Song.mp3	272	song
1028	recordings/2938 5 Rufous-collared Sparrow 5 Call.mp3	272	call
1029	recordings/2938 6 Rufous-collared Sparrow 6 Call.mp3	272	call
1030	recordings/2938 4 Rufous-collared Sparrow 4 Call.mp3	272	call
1031	recordings/3222 5 Yellow-billed Cacique 5 Call.mp3	274	call
1032	recordings/3222 3 Yellow-billed Cacique 3 Song.mp3	274	song
1033	recordings/3222 1 Yellow-billed Cacique 1 Song.mp3	274	song
1034	recordings/3222 2 Yellow-billed Cacique 2 Song.mp3	274	song
1035	recordings/3222 4 Yellow-billed Cacique 4 Call.mp3	274	call
1036	recordings/3208 1 Crested Oropendola 1 Song.mp3	275	song
1037	recordings/3208 3 Crested Oropendola 3 Song and call.mp3	275	song and call
1038	recordings/3208 2 Crested Oropendola 2 Song and call.mp3	275	song and call
1039	recordings/3232 2 Yellow-backed Oriole 2 Song.mp3	277	song
1040	recordings/3232 4 Yellow-backed Oriole 4 Song.mp3	277	song
1041	recordings/3232 5 Yellow-backed Oriole 5 Song.mp3	277	song
1042	recordings/3232 1 Yellow-backed Oriole 1 Song.mp3	277	song
1043	recordings/3232 3 Yellow-backed Oriole 3 Song.mp3	277	song
1044	recordings/3231 1 Orange-crowned Oriole 1 Call.mp3	278	call
1045	recordings/3231 2 Orange-crowned Oriole 2 Call.mp3	278	call
1046	recordings/3234 3 Yellow Oriole 3 Call.mp3	279	call
1047	recordings/3234 4 Yellow Oriole 4 Call.mp3	279	call
1048	recordings/3234 1 Yellow Oriole 1 Song.mp3	279	song
1049	recordings/3234 2 Yellow Oriole 2 Song.mp3	279	song
1050	recordings/3234 5 Yellow Oriole 5 Call.mp3	279	call
1051	recordings/3258 4 Shiny Cowbird 4 Call.mp3	281	call
1052	recordings/3258 3 Shiny Cowbird 3 Song ().mp3	281	song ()
1053	recordings/3258 1 Shiny Cowbird 1 Song.mp3	281	song
1054	recordings/3258 2 Shiny Cowbird 2 Song.mp3	281	song
1055	recordings/3256 1 Giant Cowbird 1 Song.mp3	282	song
1056	recordings/3260 1 Great-tailed Grackle 1 Call.mp3	283	call
1057	recordings/3260 2 Great-tailed Grackle 2 Call.mp3	283	call
1058	recordings/3161 4 Northern Waterthrush 4 Call.mp3	285	call
1059	recordings/3161 2 Northern Waterthrush 2 Call.mp3	285	call
1060	recordings/3161 1 Northern Waterthrush 1 Song.mp3	285	song
1061	recordings/3161 3 Northern Waterthrush 3 Call.mp3	285	call
1062	recordings/3161 5 Northern Waterthrush 5 Call.mp3	285	call
1063	recordings/3141 1 Tropical Parula 1 Song.mp3	294	song
1064	recordings/3141 2 Tropical Parula 2 Song.mp3	294	song
1065	recordings/3141 4 Tropical Parula 4 Song.mp3	294	song
1066	recordings/3141 3 Tropical Parula 3 Song.mp3	294	song
1067	recordings/3143 1 Yellow Warbler 1 Song (Mangrove W).mp3	297	song (mangrove w)
1068	recordings/3143 2 Yellow Warbler 2 Call (Mangrove W).mp3	297	call (mangrove w)
1069	recordings/3143 3 Yellow Warbler 3 Call (Migrant).mp3	297	call (migrant)
1070	recordings/3152 1 Black-throated Green Warbler 1 Call.mp3	299	call
1071	recordings/3195 3 Rufous-capped Warbler 3 Call.mp3	300	call
1072	recordings/3195 4 Rufous-capped Warbler 4 Call.mp3	300	call
1073	recordings/3195 2 Rufous-capped Warbler 2 Song and call.mp3	300	song and call
1074	recordings/3195 1 Rufous-capped Warbler 1 Song.mp3	300	song
1075	recordings/3193 2 Golden-crowned Warbler 2 Song.mp3	301	song
1076	recordings/3193 4 Golden-crowned Warbler 4 Call.mp3	301	call
1077	recordings/3193 1 Golden-crowned Warbler 1 Song.mp3	301	song
1078	recordings/3193 3 Golden-crowned Warbler 3 Call.mp3	301	call
1079	recordings/3198 1 Santa Marta Warbler 1 Song.mp3	302	song
1080	recordings/3189 1 Gray-throated Warbler 1 Song.mp3	303	song
1081	recordings/3189 3 Gray-throated Warbler 3 Song.mp3	303	song
1082	recordings/3189 5 Gray-throated Warbler 5 Call.mp3	303	call
1083	recordings/3189 4 Gray-throated Warbler 4 Call and song.mp3	303	call and song
1084	recordings/3189 6 Gray-throated Warbler 6 Call.mp3	303	call
1085	recordings/3189 2 Gray-throated Warbler 2 Song.mp3	303	song
1086	recordings/3190 2 White-lored Warbler 2 Song.mp3	304	song
1087	recordings/3190 1 White-lored Warbler 1 Song.mp3	304	song
1088	recordings/3190 3 White-lored Warbler 3 Song.mp3	304	song
1089	recordings/3172 5 Slate-throated Redstart 5 Song.mp3	306	song
1090	recordings/3172 2 Slate-throated Redstart 2 Song.mp3	306	song
1091	recordings/3172 1 Slate-throated Redstart 1 Song.mp3	306	song
1092	recordings/3172 4 Slate-throated Redstart 4 Song.mp3	306	song
1093	recordings/3172 3 Slate-throated Redstart 3 Song.mp3	306	song
1094	recordings/3172 7 Slate-throated Redstart 7 Call.mp3	306	call
1095	recordings/3172 6 Slate-throated Redstart 6 Call.mp3	306	call
1096	recordings/3181 2 Yellow-crowned Redstart 2 Song.mp3	307	song
1097	recordings/3181 1 Yellow-crowned Redstart 1 Song.mp3	307	song
1098	recordings/3178 2 Golden-fronted Redstart 2 Song.mp3	308	song
1099	recordings/3178 3 Golden-fronted Redstart 3 Song.mp3	308	song
1100	recordings/3178 1 Golden-fronted Redstart 1 Song.mp3	308	song
1101	recordings/3106 2 Hepatic Tanager 2 Call.mp3	309	call
1102	recordings/3106 1 Hepatic Tanager 1 Song.mp3	309	song
1103	recordings/3131 5 Blue-black Grosbeak 5 Call.mp3	314	call
1104	recordings/3131 7 Blue-black Grosbeak 7 Call.mp3	314	call
1105	recordings/3131 8 Blue-black Grosbeak 8 Call.mp3	314	call
1106	recordings/3131 9 Blue-black Grosbeak 9 Call.mp3	314	call
1107	recordings/3131 6 Blue-black Grosbeak 6 Call.mp3	314	call
1108	recordings/3131 2 Blue-black Grosbeak 2 Song.mp3	314	song
1109	recordings/3131 4 Blue-black Grosbeak 4 Song.mp3	314	song
1110	recordings/3131 1 Blue-black Grosbeak 1 Song.mp3	314	song
1111	recordings/3131 3 Blue-black Grosbeak 3 Song.mp3	314	song
1112	recordings/3134 1 Indigo Bunting 1 Song.mp3	315	song
1113	recordings/3134 2 Indigo Bunting 2 Call.mp3	315	call
1114	recordings/2748 4 Gray-headed Tanager 4 Call.mp3	316	call
1115	recordings/2748 3 Gray-headed Tanager 3 Call.mp3	316	call
1116	recordings/2748 2 Gray-headed Tanager 2 Call.mp3	316	call
1117	recordings/2748 1 Gray-headed Tanager 1 Song.mp3	316	song
1118	recordings/2752 1 White-shouldered Tanager 1 Song.mp3	317	song
1119	recordings/2752 2 White-shouldered Tanager 2 Call.mp3	317	call
1120	recordings/2755 3 White-lined Tanager 3 Call.mp3	318	call
1121	recordings/2755 2 White-lined Tanager 2 Call.mp3	318	call
1122	recordings/2755 1 White-lined Tanager 1 Song.mp3	318	song
1123	recordings/2760 3 Crimson-backed Tanager 3 Call.mp3	319	call
1124	recordings/2760 1 Crimson-backed Tanager 1 Song.mp3	319	song
1125	recordings/2760 6 Crimson-backed Tanager 6 Call.mp3	319	call
1126	recordings/2760 5 Crimson-backed Tanager 5 Call.mp3	319	call
1127	recordings/2760 2 Crimson-backed Tanager 2 Song.mp3	319	song
1128	recordings/2760 4 Crimson-backed Tanager 4 Call.mp3	319	call
1129	recordings/2790 4 Buff-breasted Mountain-Tanager 4 Song Santa Marta.mp3	321	song santa marta
1130	recordings/2790 1 Buff-breasted Mountain-Tanager 1 Song.mp3	321	song
1131	recordings/2790 3 Buff-breasted Mountain-Tanager 3 Song.mp3	321	song
1132	recordings/2790 2 Buff-breasted Mountain-Tanager 2 Song.mp3	321	song
1133	recordings/2765 1 Blue-gray Tanager 1 Song.mp3	322	song
1134	recordings/2765 2 Blue-gray Tanager 2 Song.mp3	322	song
1135	recordings/2770 5 Palm Tanager 5 Call.mp3	323	call
1136	recordings/2770 3 Palm Tanager 3 Song.mp3	323	song
1137	recordings/2770 1 Palm Tanager 1 Song.mp3	323	song
1138	recordings/2770 2 Palm Tanager 2 Song.mp3	323	song
1139	recordings/2770 4 Palm Tanager 4 Call and song.mp3	323	call and song
1140	recordings/2771 2 Blue-capped Tanager 2 Song.mp3	324	song
1141	recordings/2771 1 Blue-capped Tanager 1 Song.mp3	324	song
1142	recordings/2771 3 Blue-capped Tanager 3 Song.mp3	324	song
1143	recordings/2804 3 Black-headed Tanager 3 Call.mp3	325	call
1144	recordings/2804 2 Black-headed Tanager 2 Call.mp3	325	call
1145	recordings/2804 1 Black-headed Tanager 1 Song.mp3	325	song
1146	recordings/2806 2 Black-capped Tanager 2 Song.mp3	326	song
1147	recordings/2806 5 Black-capped Tanager 5 Call.mp3	326	call
1148	recordings/2806 4 Black-capped Tanager 4 Call.mp3	326	call
1149	recordings/2806 3 Black-capped Tanager 3 Song.mp3	326	song
1150	recordings/2806 1 Black-capped Tanager 1 Song.mp3	326	song
1151	recordings/2838 1 Bay-headed Tanager 1 Song.mp3	327	song
1152	recordings/2838 2 Bay-headed Tanager 2 Song.mp3	327	song
1153	recordings/2838 3 Bay-headed Tanager 3 Call.mp3	327	call
1154	recordings/2848 1 Swallow Tanager 1 Call and song.mp3	328	call and song
1155	recordings/2848 2 Swallow Tanager 2 Call.mp3	328	call
1156	recordings/2855 1 Blue Dacnis 1 Call.mp3	329	call
1157	recordings/2861 1 Red-legged Honeycreeper 1 Call.mp3	330	call
1158	recordings/2861 3 Red-legged Honeycreeper 3 Call.mp3	330	call
1159	recordings/2861 2 Red-legged Honeycreeper 2 Call.mp3	330	call
1160	recordings/2877 2 Rufous-browed Conebill 2 Song.mp3	331	song
1161	recordings/2877 1 Rufous-browed Conebill 1 Song.mp3	331	song
1162	recordings/2877 3 Rufous-browed Conebill 3 Call.mp3	331	call
1163	recordings/2886 1 Black Flowerpiercer 1 Song.mp3	332	song
1164	recordings/2886 2 Black Flowerpiercer 2 Song.mp3	332	song
1165	recordings/2898 1 Plushcap 1 Song.mp3	336	song
1166	recordings/2898 3 Plushcap 3 Call.mp3	336	call
1167	recordings/2898 2 Plushcap 2 Song.mp3	336	song
1168	recordings/2961 2 Slaty Finch 2 Song.mp3	337	song
1169	recordings/2961 1 Slaty Finch 1 Song.mp3	337	song
1170	recordings/2737 1 Gray-hooded Bush-Tanager 1 Call.mp3	338	call
1171	recordings/2990 3 Stripe-tailed Yellow-Finch 3 Song.mp3	339	song
1172	recordings/2990 2 Stripe-tailed Yellow-Finch 2 Song.mp3	339	song
1173	recordings/2990 5 Stripe-tailed Yellow-Finch 5 Calls.mp3	339	calls
1174	recordings/2990 1 Stripe-tailed Yellow-Finch 1 Song.mp3	339	song
1175	recordings/2990 4 Stripe-tailed Yellow-Finch 4 Call.mp3	339	call
1176	recordings/3007 5 Blue-black Grassquit 5 Song.mp3	340	song
1177	recordings/3007 1 Blue-black Grassquit 1 Song.mp3	340	song
1178	recordings/3007 3 Blue-black Grassquit 3 Song.mp3	340	song
1179	recordings/3007 2 Blue-black Grassquit 2 Song.mp3	340	song
1180	recordings/3007 4 Blue-black Grassquit 4 Song.mp3	340	song
1181	recordings/3033 3 Chestnut-bellied Seedeater 3 Call.mp3	341	call
1182	recordings/3033 1 Chestnut-bellied Seedeater 1 Song.mp3	341	song
1183	recordings/3033 2 Chestnut-bellied Seedeater 2 Song.mp3	341	song
1184	recordings/3029 4 Ruddy-breasted Seedeater 4 Call.mp3	342	call
1185	recordings/3029 1 Ruddy-breasted Seedeater 1 Song.mp3	342	song
1186	recordings/3029 3 Ruddy-breasted Seedeater 3 Call.mp3	342	call
1187	recordings/3029 2 Ruddy-breasted Seedeater 2 Song.mp3	342	song
1188	recordings/3039 4 Chestnut-bellied Seed-Finch 4 Song.mp3	343	song
1189	recordings/3039 2 Chestnut-bellied Seed-Finch 2 Song.mp3	343	song
1190	recordings/3039 3 Chestnut-bellied Seed-Finch 3 Song.mp3	343	song
1191	recordings/3039 1 Chestnut-bellied Seed-Finch 1 Song.mp3	343	song
1192	recordings/3040 1 Large-billed Seed-Finch 1 Song.mp3	344	song
1193	recordings/3040 3 Large-billed Seed-Finch 3 Song.mp3	344	song
1194	recordings/3040 2 Large-billed Seed-Finch 2 Song.mp3	344	song
1195	recordings/3020 4 Yellow-bellied Seedeater 4 Song.mp3	345	song
1196	recordings/3020 7 Yellow-bellied Seedeater 7 Call.mp3	345	call
1197	recordings/3020 2 Yellow-bellied Seedeater 2 Song.mp3	345	song
1198	recordings/3020 6 Yellow-bellied Seedeater 6 Call.mp3	345	call
1199	recordings/3020 5 Yellow-bellied Seedeater 5 Song.mp3	345	song
1200	recordings/3020 3 Yellow-bellied Seedeater 3 Song.mp3	345	song
1201	recordings/3020 1 Yellow-bellied Seedeater 1 Song.mp3	345	song
1202	recordings/3045 2 Plain-colored Seedeater 2 Call.mp3	346	call
1203	recordings/3045 3 Plain-colored Seedeater 3 Call.mp3	346	call
1204	recordings/3045 1 Plain-colored Seedeater 1 Song.mp3	346	song
1205	recordings/3046 1 Paramo Seedeater 1 Song.mp3	347	song
1206	recordings/3046 2 Paramo Seedeater 2 Song.mp3	347	song
1207	recordings/3046 3 Paramo Seedeater 3 Call.mp3	347	call
1208	recordings/2903 3 Bananaquit 3 Song.mp3	348	song
1209	recordings/2903 6 Bananaquit 6 Song.mp3	348	song
1210	recordings/2903 5 Bananaquit 5 Song.mp3	348	song
1211	recordings/2903 8 Bananaquit 8 Call.mp3	348	call
1212	recordings/2903 7 Bananaquit 7 Song.mp3	348	song
1213	recordings/2903 4 Bananaquit 4 Song.mp3	348	song
1214	recordings/2903 2 Bananaquit 2 Song.mp3	348	song
1215	recordings/2903 1 Bananaquit 1 Song.mp3	348	song
1216	recordings/2903 9 Bananaquit 9 Call.mp3	348	call
1217	recordings/2904 3 Yellow-faced Grassquit 3 Song.mp3	349	song
1218	recordings/2904 2 Yellow-faced Grassquit 2 Song.mp3	349	song
1219	recordings/2904 1 Yellow-faced Grassquit 1 Song.mp3	349	song
1220	recordings/2904 5 Yellow-faced Grassquit 5 Song.mp3	349	song
1221	recordings/2904 4 Yellow-faced Grassquit 4 Song.mp3	349	song
1222	recordings/2905 3 Dull-colored Grassquit 3 Song.mp3	350	song
1223	recordings/2905 2 Dull-colored Grassquit 2 Song.mp3	350	song
1224	recordings/2905 1 Dull-colored Grassquit 1 Song.mp3	350	song
1225	recordings/2905 4 Dull-colored Grassquit 4 Song.mp3	350	song
1226	recordings/2907 1 Black-faced Grassquit 1 Song.mp3	351	song
1227	recordings/2907 2 Black-faced Grassquit 2 Song.mp3	351	song
1228	recordings/2924 4 Buff-throated Saltator 4 Song.mp3	352	song
1229	recordings/2924 6 Buff-throated Saltator 6 Call.mp3	352	call
1230	recordings/2924 7 Buff-throated Saltator 7 Call.mp3	352	call
1231	recordings/2924 1 Buff-throated Saltator 1 Song.mp3	352	song
1232	recordings/2924 8 Buff-throated Saltator 8 Call.mp3	352	call
1233	recordings/2924 2 Buff-throated Saltator 2 Song.mp3	352	song
1234	recordings/2924 3 Buff-throated Saltator 3 Song.mp3	352	song
1235	recordings/2926 3 Grayish Saltator 3 Song.mp3	353	song
1236	recordings/2926 1 Grayish Saltator 1 Song.mp3	353	song
1237	recordings/2926 4 Grayish Saltator 4 Call.mp3	353	call
1238	recordings/2926 2 Grayish Saltator 2 Song.mp3	353	song
1239	recordings/2932 5 Streaked Saltator 5 Song.mp3	354	song
1240	recordings/2932 3 Streaked Saltator 3 Song.mp3	354	song
1241	recordings/2932 6 Streaked Saltator 6 Call.mp3	354	call
1242	recordings/2932 1 Streaked Saltator 1 Song.mp3	354	song
1243	recordings/2932 8 Streaked Saltator 8 Call.mp3	354	call
1244	recordings/2932 2 Streaked Saltator 2 Song.mp3	354	song
1245	recordings/2932 4 Streaked Saltator 4 Song.mp3	354	song
1246	recordings/2932 7 Streaked Saltator 7 Call.mp3	354	call
